season,award,placement,team,player,percentage
NLTP S13,MVB,1,BOY,Ben Ballace,0.2102
NLTP S13,MVB,2,PRE,baIl-e,0.1686
NLTP S13,MVB,3,TNW,BallsToYou.,0.1515
NLTP S13,OBOS,1,PRE,baIl-e,0.3131
NLTP S13,OBOS,2,LBT,AK 47,0.2106
NLTP S13,OBOS,3,TNW,BallsToYou.,0.1499
NLTP S13,DBOS,1,LBT,Cognito,0.2634
NLTP S13,DBOS,2,DNO,Gargantua,0.2295
NLTP S13,DBOS,3,BOY,Ben Ballace,0.2290
NLTP S13,Offensive Team Ball,1,PRE,Balled Eagle,0.4031
NLTP S13,Offensive Team Ball,2,,TheIndian,0.2273
NLTP S13,Offensive Team Ball,3,LBT,Darth,0.1324
NLTP S13,Defensive Team Ball,1,LBT,Darth,0.3150
NLTP S13,Defensive Team Ball,2,TTT,juke dough,0.2211
NLTP S13,Defensive Team Ball,3,TBA,Old Cabbage,0.2168
NLTP S13,Rookie of the Season,1,PRE,Moechtestdu,0.2941
NLTP S13,Rookie of the Season,2,BOY,Ball-erina,0.2354
NLTP S13,Rookie of the Season,3,OPH,Galvatron,0.1644
NLTP S13,Position Change,1,PRO,Taurus,0.4454
NLTP S13,Position Change,2,PRO,Clue Balls,0.2150
NLTP S13,Position Change,3,DNO,Jerry.,0.2080
NLTP S13,Most Improved,1,DNO,A$AP Caplord,0.3088
NLTP S13,Most Improved,2,PRE,Moechtestdu,0.2401
NLTP S13,Most Improved,3,BOY,Ball-erina,0.2024
NLTP S13,Well Rounded,1,PRO,Taurus,0.2638
NLTP S13,Well Rounded,2,DNO,Jerry.,0.2476
NLTP S13,Well Rounded,3,PRO,Clue Balls,0.1447
NLTP S13,FU GASP,1,BOY,Ball-erina,0.1795
NLTP S13,FU GASP,2,HHR,fax machine,0.1315
NLTP S13,FU GASP,3,PRE,Oz God,0.1294
NLTP S13,Best Valued,1,DNO,"Jerry,",0.2612
NLTP S13,Best Valued,2,PRE,Moechtestdu,0.2127
NLTP S13,Best Valued,3,TNW,BallsToYou.,0.0920
NLTP S13,Best Offense Pair,1,LBT,AK 47,0.3404
NLTP S13,Best Offense Pair,1,LBT,McBooty,0.3404
NLTP S13,Best Offense Pair,2,PRE,BaIl-e,0.2520
NLTP S13,Best Offense Pair,2,PRE,Balled Eagle,0.2520
NLTP S13,Best Offense Pair,2,PRE,Oz God,0.2520
NLTP S13,Best Offense Pair,3,DNO,A$AP Caplord,0.1874
NLTP S13,Best Offense Pair,3,DNO,mudkip,0.1874
NLTP S13,Best Defense Pair,1,PRE,tits,0.2763
NLTP S13,Best Defense Pair,1,PRE,Moechtestdu,0.2763
NLTP S13,Best Defense Pair,2,BOY,Ben Ballace,0.2206
NLTP S13,Best Defense Pair,2,BOY,LifeOfBrian,0.2206
NLTP S13,Best Defense Pair,3,DNO,Gargantua,0.1826
NLTP S13,Best Defense Pair,3,DNO,Jerry.,0.1826
NLTP S13,Best Co-Captain,1,,IfYouSeekAmy,0.3777
NLTP S13,Best Co-Captain,2,,WRIG,0.2858
NLTP S13,Best Co-Captain,3,,Rake,0.1582
NLTP S13,Best Captain,1,DNO,A$AP Caplord,0.1908
NLTP S13,Best Captain,2,PRE,Snowball,0.1609
NLTP S13,Best Captain,3,CHP,Jackals,0.1424
NLTP S13,Most Cohesive Unit,1,Preventure Time,,0.3159
NLTP S13,Most Cohesive Unit,2,The Land Before Timers,,0.2657
NLTP S13,Most Cohesive Unit,3,Ballsagna,,0.2446
NLTP S13,Best Streamer,1,,IfYouSeekAmy,0.4124
NLTP S13,Best Streamer,2,,Seconskin,0.1846
NLTP S13,Best Streamer,3,,LogisticMap,0.1590
NLTP S13,Heart Award,1,TBA,Kwib,0.1307
NLTP S13,Heart Award,2,PRE,Balled Eagle,0.1178
NLTP S13,Heart Award,3,TNW,Crowman,0.1055
NLTP S13,Behind the Scenes,1,PRE,Balled Eagle,0.4273
NLTP S13,Behind the Scenes,2,,wassa,0.1554
NLTP S13,Behind the Scenes,2,,IfYouSeekAmy,0.1554
NLTP S13,Behind the Scenes,2,,A$AP Caplord,0.1554
NLTP S13,Behind the Scenes,2,,Sir Cle Jerk,0.1554
NLTP S13,Behind the Scenes,3,LBT,Fender,0.1263
NLTP B S13,MVB,1,LBT,steeze.,0.2538
NLTP B S13,MVB,2,LBT,Darth,0.1421
NLTP B S13,MVB,3,LBT,chucky,0.1117
NLTP B S13,OBOS,1,LBT,steeze.,0.2950
NLTP B S13,OBOS,2,LBT,chucky,0.1400
NLTP B S13,OBOS,3,DNO,Edd,0.0900
NLTP B S13,DBOS,1,LBT,Darth,0.2849
NLTP B S13,DBOS,2,BFL,gh0st,0.1774
NLTP B S13,DBOS,3,TBA,kwib,0.1452
NLTP B S13,Offensive Team Ball,1,DNO,Benoit Balls,0.3240
NLTP B S13,Offensive Team Ball,2,,im a goat,0.2402
NLTP B S13,Offensive Team Ball,3,TBA,korso,0.1788
NLTP B S13,Defensive Team Ball,1,LBT,tplattapus,0.2659
NLTP B S13,Defensive Team Ball,2,,Gram,0.1965
NLTP B S13,Defensive Team Ball,3,CJK,IfYouSirClew,0.1561
NLTP B S13,Rookie of the Season,1,DNO,Benoit Balls,0.3277
NLTP B S13,Rookie of the Season,2,POC,slobonmyknob,0.1751
NLTP B S13,Rookie of the Season,3,TTT,MarsWater,0.1469
NLTP B S13,Position Change,1,,Creta Petram,0.2857
NLTP B S13,Position Change,2,,Harry Kane,0.2308
NLTP B S13,Position Change,3,TNW,fortytwo,0.1978
NLTP B S13,Most Improved,1,LBT,steeze.,0.1941
NLTP B S13,Most Improved,2,LBT,misterpeanut,0.1765
NLTP B S13,Most Improved,3,PRO,Whiskey Jack,0.1471
NLTP B S13,Well Rounded,1,LBT,chucky,0.1675
NLTP B S13,Well Rounded,2,LBT,Darth,0.1623
NLTP B S13,Well Rounded,3,TNW,fortytwo,0.1518
NLTP B S13,FU GASP,1,LBT,tplattapus,0.1935
NLTP B S13,FU GASP,2,DNO,LogisticMap,0.1505
NLTP B S13,FU GASP,3,TNW,fortytwo,0.1398
NLTP B S13,Best Valued,1,,Harry  Kane,0.2065
NLTP B S13,Best Valued,2,DNO,Benoit Balls,0.1957
NLTP B S13,Best Valued,3,TBA,nanner,0.1413
NLTP B S13,Best Offense Pair,1,LBT,steeze.,0.3693
NLTP B S13,Best Offense Pair,1,LBT,Chucky,0.3693
NLTP B S13,Best Offense Pair,2,DNO,Edd,0.2670
NLTP B S13,Best Offense Pair,2,DNO,LogisticMap,0.2670
NLTP B S13,Best Offense Pair,3,PRO,k42larson,0.2159
NLTP B S13,Best Offense Pair,3,PRO,Tinderfella,0.2159
NLTP B S13,Best Defense Pair,1,LBT,Darth,0.3483
NLTP B S13,Best Defense Pair,1,LBT,tplattapus,0.3483
NLTP B S13,Best Defense Pair,2,TBA,kwib,0.1966
NLTP B S13,Best Defense Pair,2,TBA,nanner,0.1966
NLTP B S13,Best Defense Pair,3,BOY,H.D.,0.1461
NLTP B S13,Best Defense Pair,3,BOY,EatMyShorts,0.1461
MLTP S14,MVB,1,COA,WarriOrs,0.2440
MLTP S14,MVB,2,RHCP,toasty.,0.1988
MLTP S14,MVB,3,BD,intercest,0.1566
MLTP S14,OBOS,1,COA,WarriOrs,0.3091
MLTP S14,OBOS,2,GB,protag,0.3061
MLTP S14,OBOS,3,ABO,fuckthecrc,0.1212
MLTP S14,DBOS,1,RHCP,toasty.,0.2315
MLTP S14,DBOS,2,BD,intercest,0.1914
MLTP S14,DBOS,3,GB,Sherrattinho,0.1605
MLTP S14,OROS,1,TCJ,Gasol,0.4156
MLTP S14,OROS,2,ABO,beast mode,0.1851
MLTP S14,OROS,3,WHC,Crossover,0.1494
MLTP S14,DROS,1,ABO,MEX,0.3962
MLTP S14,DROS,2,DLTP,phreak,0.1981
MLTP S14,DROS,3,TCJ,boogie,0.1950
MLTP S14,5th Ball,1,ABO,FLY,0.3123
MLTP S14,5th Ball,2,SBP,obama.,0.2912
MLTP S14,5th Ball,3,DLTP,Cheetosrule,0.1684
MLTP S14,Well Rounded,1,COA,badger,0.3290
MLTP S14,Well Rounded,2,BD,intercest,0.2774
MLTP S14,Well Rounded,3,COA,WarriOrs,0.1226
MLTP S14,Most Improved,1,COA,WarriOrs,0.2138
MLTP S14,Most Improved,2,TRS,GOOBR,0.2072
MLTP S14,Most Improved,3,TCJ,Ty,0.1546
MLTP S14,Best Valued,1,TRS,GOOBR,0.3118
MLTP S14,Best Valued,2,,wayne,0.1613
MLTP S14,Best Valued,2,,Calamitous,0.1613
MLTP S14,Best Offensive Performance,1,COA,WarriOrs,0.1815
MLTP S14,Best Offensive Performance,2,,protag,0.1573
MLTP S14,Best Offensive Performance,2,,fuckthecrc,0.1573
MLTP S14,Best Defensive Performance,1,21J,aardvark,0.2299
MLTP S14,Best Defensive Performance,2,REP,EndTheFed W5,0.2261
MLTP S14,Best Defensive Performance,3,DLTP,phreak,0.1609
MLTP S14,FU GASP,1,TCJ,siDe,0.2703
MLTP S14,FU GASP,2,GB,A-A-ron,0.1993
MLTP S14,FU GASP,3,RHC,C Bivvey,0.1554
MLTP S14,Best Captain,1,COA,WarriOrs,0.1974
MLTP S14,Best Captain,2,TRS,yank,0.1447
MLTP S14,Best Captain,3,BD,intercest,0.1382
MLTP S14,Most Cohesive Unit,1,Centra of Attention,,0.2979
MLTP S14,Most Cohesive Unit,2,Boostin Dynamo,,0.1815
MLTP S14,Most Cohesive Unit,3,Tears,,0.1781
MLTP S14,Best Streamer,1,N/A,Shotcallers,0.3800
MLTP S14,Best Streamer,2,N/A,Pithy__,0.2533
MLTP S14,Best Streamer,3,N/A,iAaronK,0.1267
MLTP S14,Best Commentator,1,RHCP,BALLDON'TLIE,0.2795
MLTP S14,Best Commentator,2,N/A,Ron Spawnson,0.2694
MLTP S14,Best Commentator,3,N/A,Liquid,0.1751
MLTP S14,Behind the Scenes,1,877,Mufro,0.1966
MLTP S14,Behind the Scenes,2,N/A,Klovar,0.1552
MLTP S14,Behind the Scenes,3,COA,WarriOrs,0.1517
MLTP S14,Best Roster Move,1,TCJ,Ron Hextball,0.3347
MLTP S14,Best Roster Move,2,ABO,MEX,0.2367
MLTP S14,Best Roster Move,3,B4,veezy,0.1837
MLTP S14,All-Stars [Offense],1,COA,WarriOrs,0.8180
MLTP S14,All-Stars [Offense],2,GB,protag,0.7640
MLTP S14,All-Stars [Offense],3,ABO,fuckthecrc,0.5640
MLTP S14,All-Stars [Offense],4,RHCP,BALLDON'TLIE,0.5270
MLTP S14,All-Stars [Offense],5,TRS,GOOBR,0.5090
MLTP S14,All-Stars [Defense],1,RHCP,toasty. [Captain],0.7820
MLTP S14,All-Stars [Defense],2,BD,intercest,0.7270
MLTP S14,All-Stars [Defense],3,GB,Sherrattinho,0.6180
MLTP S14,All-Stars [Defense],4,ABO,MEX,0.4360
MLTP S14,All-Stars [Defense],5,COA,badger,0.4000
mLTP S14,MVB,1,ABO,poobie,0.2598
mLTP S14,MVB,2,COA,Pandora,0.1653
mLTP S14,MVB,3,877,pulpo,0.1417
mLTP S14,OBOS,1,ABO,poobie,0.3485
mLTP S14,OBOS,2,877,pulpo,0.2490
mLTP S14,OBOS,3,GB,TagProfessor,0.1328
mLTP S14,DBOS,1,COA,Pandora,0.2338
mLTP S14,DBOS,2,ABO,XxPssySlyrxX,0.2035
mLTP S14,DBOS,3,BD,Hawaii,0.1126
mLTP S14,OROS,1,21J,#SelfySyntax,0.3190
mLTP S14,OROS,2,TRS,@jj,0.1767
mLTP S14,OROS,3,TRS,Corbeh,0.1724
mLTP S14,DROS,1,ABO,XxPssySlyrxX,0.2603
mLTP S14,DROS,2,COA,Pandora,0.2397
mLTP S14,DROS,3,21J,Gargantua,0.1980
mLTP S14,5th Ball,1,877,pulpo,0.4201
mLTP S14,5th Ball,2,877,Dodge,0.2237
mLTP S14,5th Ball,3,RHCP,Ashmungashma,0.1964
mLTP S14,Well Rounded,1,COA,Pandora,0.2609
mLTP S14,Well Rounded,2,COA,Raspberry,0.1522
mLTP S14,Well Rounded,3,DLTP,Cheetosrule,0.1479
mLTP S14,Most Improved,1,GB,TagProfessor,0.2232
mLTP S14,Most Improved,2,877,pulpo,0.2060
mLTP S14,Most Improved,3,DLTP,TheBob18,0.1245
mLTP S14,Best Valued,1,COA,Pandora,0.2926
mLTP S14,Best Valued,2,GB,TagProfessor,0.2183
mLTP S14,Best Valued,3,SBP,yiss,0.0961
mLTP S14,Best Offensive Performance,1,ABO,poobie,0.2278
mLTP S14,Best Offensive Performance,2,DLTP,CoolCat,0.1835
mLTP S14,Best Offensive Performance,3,TCJ,FURY.,0.1392
mLTP S14,Best Defensive Performance,1,DLTP,TheBob18,0.1802
mLTP S14,Best Defensive Performance,2,COA,Pandora,0.1744
mLTP S14,Best Defensive Performance,3,ABO,XxPssySlyrxX,0.1395
mLTP S14,FU GASP,1,TCJ,Tim Hortons,0.2581
mLTP S14,FU GASP,2,B4,Ball OON,0.1667
mLTP S14,FU GASP,3,TRS,Ralph Wiggum,0.1344
mLTP S14,Most Cohesive Unit,1,Orange is the New Block,,0.1882
mLTP S14,Most Cohesive Unit,2,Attention Wars,,0.1667
mLTP S14,Most Cohesive Unit,3,GG Wentworth,,0.1398
mLTP S14,All-Stars [Offense],1,ABO,poobie,0.7380
mLTP S14,All-Stars [Offense],2,877,pulpo,0.5480
mLTP S14,All-Stars [Offense],3,GB,TagProfessor,0.4050
mLTP S14,All-Stars [Offense],4,21J,#SelfySyntax,0.3810
mLTP S14,All-Stars [Offense],5,REP,PK SMURFBALL,0.2620
mLTP S14,All-Stars [Defense],1,COA,Pandora,0.5680
mLTP S14,All-Stars [Defense],2,ABO,XxPssySlyrxX,0.5410
mLTP S14,All-Stars [Defense],3,REP,evanw4,0.3240
mLTP S14,All-Stars [Defense],4,DLTP,TheBob18,0.3240
mLTP S14,All-Stars [Defense],5,COA,Raspberry,0.2970
NLTP S14,MVB,1,DST,DanP,0.2060
NLTP S14,MVB,2,DNO,Gargantua,0.1707
NLTP S14,MVB,3,FLB,RAMMSTEIN,0.1274
NLTP S14,OBOS,1,DNO,Gargantua,0.2629
NLTP S14,OBOS,2,FLB,RAMMSTEIN,0.2466
NLTP S14,OBOS,3,DST,DanP,0.1897
NLTP S14,DBOS,1,OPH,karlwithak,0.2650
NLTP S14,DBOS,2,BOY,ess,0.1530
NLTP S14,DBOS,3,DNO,Gram Parsons,0.1530
NLTP S14,Offensive Team Ball,1,PRO,Galvatron,0.3030
NLTP S14,Offensive Team Ball,2,FLB,RandyB0Bandy,0.3000
NLTP S14,Offensive Team Ball,3,PIC,naga,0.1879
NLTP S14,Defensive Team Ball,1,DST,kwib,0.2523
NLTP S14,Defensive Team Ball,2,PQP,Whiskey Jack,0.2222
NLTP S14,Defensive Team Ball,3,DNO,SKY KING,0.1862
NLTP S14,Rookie of the Season,1,DNO,omar,0.3005
NLTP S14,Rookie of the Season,2,DNO,Gram Parsons,0.2049
NLTP S14,Rookie of the Season,3,RTJ,Vntus,0.1557
NLTP S14,Position Change,1,DNO,Gargantua,0.4912
NLTP S14,Position Change,2,PQP,Getsolo D,0.2706
NLTP S14,Position Change,3,POG,Stev mcqueen,0.2382
NLTP S14,Most Improved,1,OPH,haha kill me,0.2051
NLTP S14,Most Improved,2,DNO,Gram Parsons,0.2051
NLTP S14,Most Improved,3,RTJ,Noice!!,0.1826
NLTP S14,Well Rounded,1,RTJ,Slowpolka,0.2151
NLTP S14,Well Rounded,2,DNO,omar,0.1909
NLTP S14,Well Rounded,3,DNO,Gargantua,0.1478
NLTP S14,FU GASP,1,FLB,RAZGRIZ,0.1729
NLTP S14,FU GASP,2,PQP,Ball-erina,0.1643
NLTP S14,FU GASP,3,SLA,42 / Crowman,0.1182
NLTP S14,Best Valued,1,DNO,omar,0.2405
NLTP S14,Best Valued,2,OPH,haha kill me,0.1378
NLTP S14,Best Valued,3,FLB,WarpedPotato,0.1027
NLTP S14,Best Offense Pair,1,DNO,A$AP Caplord,0.4438
NLTP S14,Best Offense Pair,1,DNO,Gargantua,0.4438
NLTP S14,Best Offense Pair,2,RTJ,Vader,0.2055
NLTP S14,Best Offense Pair,2,RTJ,Vntus,0.2055
NLTP S14,Best Offense Pair,3,OPH,haha kill me,0.1808
NLTP S14,Best Offense Pair,3,OPH,theplaymaker,0.1808
NLTP S14,Best Defense Pair,1,OPH,NameLEss,0.3188
NLTP S14,Best Defense Pair,1,OPH,karlwithak,0.3188
NLTP S14,Best Defense Pair,2,SLA,fortytwo,0.1635
NLTP S14,Best Defense Pair,2,SLA,Crowman,0.1635
NLTP S14,Best Defense Pair,3,DNO,Gram Parsons,0.1553
NLTP S14,Best Defense Pair,3,DNO,omar,0.1553
NLTP S14,Best Co-Captain,1,,IfYouSeekAmy,0.2677
NLTP S14,Best Co-Captain,2,,alchemist,0.2400
NLTP S14,Best Co-Captain,3,,crowman,0.1446
NLTP S14,Best Captain,1,DNO,A$AP Caplord,0.2323
NLTP S14,Best Captain,2,RTJ,Vader,0.2266
NLTP S14,Best Captain,3,OPH,NameLEss,0.2040
NLTP S14,Most Cohesive Unit,1,WCYDinos,,0.2544
NLTP S14,Most Cohesive Unit,2,Returns of the Jedi,,0.2426
NLTP S14,Most Cohesive Unit,3,SLATFATC,,0.1538
NLTP S14,Best Streamer,1,,IfYouSeekAmy,0.3333
NLTP S14,Best Streamer,2,,JBB,0.2333
NLTP S14,Best Streamer,3,,thirskin,0.1424
NLTP S14,Heart Award,1,PIC,Balled Eagle,0.1450
NLTP S14,Heart Award,2,RTJ,Marswater,0.1213
NLTP S14,Heart Award,3,DNO,BusinessBird,0.1006
NLTP S14,Behind the Scenes,1,PIC,Balled Eagle,0.4592
NLTP S14,Behind the Scenes,2,,Fender,0.1014
NLTP S14,Behind the Scenes,2,,NameLEss,0.1014
NLTP S14,Behind the Scenes,3,PUP,WRIG,0.0930
NLTP B S14,MVB,1,LBT,linux,0.1766
NLTP B S14,MVB,2,DNO,$T,0.1557
NLTP B S14,MVB,3,RTJ,Cheezedoodle,0.0988
NLTP B S14,OBOS,1,DNO,$T,0.2080
NLTP B S14,OBOS,2,FLB,RandyB0Bandy,0.1529
NLTP B S14,OBOS,3,RTJ,T-Swift!,0.1529
NLTP B S14,DBOS,1,RTJ,Cheezedoodle,0.1915
NLTP B S14,DBOS,2,DNO,Makin Bacon,0.1854
NLTP B S14,DBOS,3,LBT,gh0st,0.1489
NLTP B S14,Offensive Team Ball,1,PQP,=|,0.2346
NLTP B S14,Offensive Team Ball,2,PQP,eggheater,0.1885
NLTP B S14,Offensive Team Ball,3,DST,off constant,0.1731
NLTP B S14,Defensive Team Ball,1,DST,kwib,0.3114
NLTP B S14,Defensive Team Ball,2,RTJ,PASSTHEFLAG,0.2088
NLTP B S14,Defensive Team Ball,3,FLB,360broscope,0.1758
NLTP B S14,Rookie of the Season,1,RTJ,Cheezedoodle,0.2360
NLTP B S14,Rookie of the Season,2,FLB,CarrotCake,0.2143
NLTP B S14,Rookie of the Season,3,RTJ,DAD.,0.1708
NLTP B S14,Position Change,1,-,Catpuke / Flaccid Trip,0.3295
NLTP B S14,Position Change,2,DST,2rd,0.2235
NLTP B S14,Position Change,3,SLA,inthesomeday,
NLTP B S14,Most Improved,1,DNO,Peach Fuzz,0.2461
NLTP B S14,Most Improved,2,BOY,slobonmyknob,0.1838
NLTP B S14,Most Improved,3,RTJ,i love hd,0.1558
NLTP B S14,Well Rounded,1,FLB,CarrotCake,0.1531
NLTP B S14,Well Rounded,2,PQP,Flaccid Trip,0.1188
NLTP B S14,Well Rounded,3,LBT,linux,0.1156
NLTP B S14,FU GASP,1,OPH,Edd,0.1869
NLTP B S14,FU GASP,2,RTJ,PASSTHEFLAG,0.1626
NLTP B S14,FU GASP,3,POG,rake,0.1280
NLTP B S14,Best Valued,1,RTJ,DAD.,0.1873
NLTP B S14,Best Valued,2,RTJ,Cheezedoodle,0.1841
NLTP B S14,Best Valued,3,FLB,CarrotCake,0.1016
NLTP B S14,Best Offense Pair,1,DNO,$T,0.2642
NLTP B S14,Best Offense Pair,1,DNO,CatPuke,0.2642
NLTP B S14,Best Offense Pair,1,DNO,Peach Fuzz,0.2642
NLTP B S14,Best Offense Pair,2,RTJ,T-Swift!,0.1973
NLTP B S14,Best Offense Pair,2,RTJ,Marswater,0.1973
NLTP B S14,Best Offense Pair,2,RTJ,DAD.,0.1973
NLTP B S14,Best Offense Pair,3,OPH,Adarssh,0.1338
NLTP B S14,Best Offense Pair,3,OPH,infinity,0.1338
NLTP B S14,Best Offense Pair,3,OPH,Edd,0.1338
NLTP B S14,Best Defense Pair,1,RTJ,Cheezedoodle,0.2406
NLTP B S14,Best Defense Pair,1,RTJ,Superdiglett,0.2406
NLTP B S14,Best Defense Pair,2,DNO,Makin Bacon,0.2074
NLTP B S14,Best Defense Pair,2,DNO,Zig,0.2074
NLTP B S14,Best Defense Pair,2,DNO,SKY KING,0.2074
NLTP B S14,Best Defense Pair,2,DNO,Jerry.,0.2074
NLTP B S14,Best Defense Pair,3,LBT,gh0st,0.2074
NLTP B S14,Best Defense Pair,3,LBT,Trituin,0.2074
MLTP S15,MVB,1,COA,Daffodil,0.3590
MLTP S15,MVB,2,COA,bright,0.1528
MLTP S15,MVB,3,RLB,toasty.,0.1281
MLTP S15,OBOS,1,COA,bright,0.3884
MLTP S15,OBOS,2,RLB,toasty.,0.2025
MLTP S15,OBOS,3,GGB,pulpo,0.1240
MLTP S15,DBOS,1,COA,Daffodil,0.4310
MLTP S15,DBOS,2,GGB,Wanye,0.2092
MLTP S15,DBOS,3,ABO,Eashy,0.1715
MLTP S15,OROS,1,GGB,pulpo,0.5840
MLTP S15,OROS,2,RLB,Taco.,0.4160
MLTP S15,5th Ball,1,RLB,Cheetosrule,0.3392
MLTP S15,5th Ball,2,ABO,phreak,0.2159
MLTP S15,5th Ball,3,RLB,Syniikal,0.1894
MLTP S15,Well Rounded,1,GGB,Wanye,0.3049
MLTP S15,Well Rounded,2,GGB,Spjork,0.2556
MLTP S15,Well Rounded,3,BD,intercest,0.2197
MLTP S15,Most Improved,1,COA,bright,0.2870
MLTP S15,Most Improved,2,GGB,Wanye,0.2466
MLTP S15,Most Improved,3,COA,sun chips,0.1973
MLTP S15,Best Valued,1,COA,sun chips,0.3018
MLTP S15,Best Valued,2,RLB,Taco.,0.2703
MLTP S15,Best Valued,3,WOB,Frothy,0.1261
MLTP S15,Best Offensive Performance,1,COA,bright,0.2228
MLTP S15,Best Offensive Performance,2,GGB,pulpo,0.2176
MLTP S15,Best Offensive Performance,3,RLB,toasty.,0.1865
MLTP S15,Best Defensive Performance,1,COA,Daffodil,0.2414
MLTP S15,Best Defensive Performance,2,GGB,Wanye,0.1970
MLTP S15,Best Defensive Performance,3,COA,Daffodil,0.1921
MLTP S15,FU GASP,1,GGB,GOOBR,0.2754
MLTP S15,FU GASP,2,CRK,aardvark,0.1884
MLTP S15,FU GASP,3,RLB,Taco.,0.1836
MLTP S15,Best Captain,1,COA,Warriors,0.2979
MLTP S15,Best Captain,2,RLB,toasty.,0.2043
MLTP S15,Best Captain,3,GGB,GOOBR,0.1617
MLTP S15,Most Cohesive Unit,1,Centra of Attention,,0.3930
MLTP S15,Most Cohesive Unit,2,The Good Gravy Boat,,0.1616
MLTP S15,Most Cohesive Unit,3,A Blockwork Orange,,0.1529
MLTP S15,Best Streamer,1,RLB,iAaronK,0.3304
MLTP S15,Best Streamer,2,AC,BALLDON'TLIE,0.2996
MLTP S15,Best Streamer,3,-,okthen,0.1013
MLTP S15,Best Commentator,1,AC,BALLDON'TLIE,0.5291
MLTP S15,Best Commentator,2,-,Abe Lincoln,0.1598
MLTP S15,Best Commentator,3,-,okthen,0.1370
MLTP S15,Behind the Scenes,1,CRK,Destar,0.1895
MLTP S15,Behind the Scenes,2,-,Mufro,0.1842
MLTP S15,Behind the Scenes,3,RLB,iAaronK,0.1210
MLTP S15,All-Stars [Offense],1,RLB,toasty.,0.6944
MLTP S15,All-Stars [Offense],2,COA,bright,0.6667
MLTP S15,All-Stars [Offense],3,GGB,pulpo,0.6111
MLTP S15,All-Stars [Offense],4,ABO,badger,0.5000
MLTP S15,All-Stars [Offense],5,WOB,DT,0.4722
MLTP S15,All-Stars [Defense],1,COA,Daffodil,0.9110
MLTP S15,All-Stars [Defense],2,GGB,Wanye,0.7059
MLTP S15,All-Stars [Defense],3,ABO,Eashy,0.7059
MLTP S15,All-Stars [Defense],4,CRK,MEX,0.6471
MLTP S15,All-Stars [Defense],5,RLB,Syniikal,0.3824
mLTP S15,MVB,1,SRP,d0pe,
mLTP S15,MVB,2,SC,VEEZY,
mLTP S15,MVB,3,PIC,obama.,
mLTP S15,OBOS,1,SRP,d0pe,
mLTP S15,OBOS,2,SC,VEEZY,
mLTP S15,OBOS,3,SOW,Mufro,
mLTP S15,DBOS,1,PIC,p-d0g,
mLTP S15,DBOS,2,WTP,Homie,
mLTP S15,DBOS,3,BGB,777z,
mLTP S15,OROS,1,MTB,Suchit,
mLTP S15,OROS,2,QAK,gghob,
mLTP S15,OROS,3,WTP,IfYouSeekAmy,
mLTP S15,DROS,1,PIC,p-d0g,
mLTP S15,DROS,2,WTP,Homie,
mLTP S15,DROS,3,SOW,Pavement,
mLTP S15,5th Ball,1,SC,PRJCT,
mLTP S15,5th Ball,2,SOW,Pavement,
mLTP S15,5th Ball,3,QAK,Zvonvok,
mLTP S15,Well Rounded,1,PIC,obama.,
mLTP S15,Well Rounded,2,CLP,Cheetosrule,
mLTP S15,Well Rounded,3,SOW,Bamboozler,
mLTP S15,Most Improved,1,SC,TACO.,
mLTP S15,Most Improved,2,SRP,d0pe,
mLTP S15,Most Improved,3,BGB,777z,
mLTP S15,Best Valued,1,SC,NEB.,
mLTP S15,Best Valued,2,SOW,Camelblues,
mLTP S15,Best Valued,3,CLP,refined,
mLTP S15,Best Offensive Performance,1,SRP,d0pe,
mLTP S15,Best Offensive Performance,2,SOW,Mufro,
mLTP S15,Best Offensive Performance,3,SRP,#SelfySyntax,
mLTP S15,Best Defensive Performance,1,CLP,thenewguy.,
mLTP S15,Best Defensive Performance,2,CLP,thenewguy.,
mLTP S15,Best Defensive Performance,3,WTP,Homie,
mLTP S15,FU GASP,1,SOW,Bamboozler,
mLTP S15,FU GASP,2,TPB,Coach G.,
mLTP S15,FU GASP,3,WTP,IfYouSeekAmy,
mLTP S15,Most Cohesive Unit [Red],1,SRP,Stranger Pings,
mLTP S15,Most Cohesive Unit [Red],2,SOW,Spheres of War,
mLTP S15,Most Cohesive Unit [Red],3,WTP,Weed The People,
mLTP S15,Best Captain [Red],1,SOW,Mufro,
mLTP S15,Best Captain [Red],2,SRP,#SelfySyntax,
mLTP S15,Best Captain [Red],3,BUB,bright,
mLTP S15,Most Cohesive Unit [Blue],1,SC,SMALL CAPS,
mLTP S15,Most Cohesive Unit [Blue],2,PIC,Pi-Curious,
mLTP S15,Most Cohesive Unit [Blue],3,CLP,Club Pinguin,
mLTP S15,Best Captain [Blue],1,SC,BALLDON'TLIE,
mLTP S15,Best Captain [Blue],2,PIC,BallAnka,
mLTP S15,Best Captain [Blue],3,CLP,Tim Hortons,
mLTP S15,All-Stars [Offense],1,SRP,d0pe,
mLTP S15,All-Stars [Offense],2,SC,VEEZY,
mLTP S15,All-Stars [Offense],3,SOW,Mufro,
mLTP S15,All-Stars [Offense],4,SOW,TACO.,
mLTP S15,All-Stars [Offense],5,SRP,#SelfySyntax,
mLTP S15,All-Stars [Defense],1,PIC,obama.,
mLTP S15,All-Stars [Defense],2,PIC,p-d0g,
mLTP S15,All-Stars [Defense],3,WTP,Homie,
mLTP S15,All-Stars [Defense],4,SRP,Doris,
mLTP S15,All-Stars [Defense],5,BGB,777z,
NLTP S15,MVB,1,BML,Kaleb Song,0.2237
NLTP S15,MVB,2,NIP,Gryff,0.1414
NLTP S15,MVB,3,LBT,McBooty,0.1183
NLTP S15,OBOS,1,LBT,McBooty,0.2026
NLTP S15,OBOS,2,TNW,BallsToYou.,0.1816
NLTP S15,OBOS,3,NIP,Dusk,0.1395
NLTP S15,DBOS,1,BML,Kaleb Song,0.2480
NLTP S15,DBOS,2,NIP,Gryff,0.1436
NLTP S15,DBOS,3,DNO,TheBob18,0.1175
NLTP S15,Offensive Team Ball,1,LNC,ThePace,0.3143
NLTP S15,Offensive Team Ball,2,BML,Steeze.,0.2413
NLTP S15,Offensive Team Ball,3,WIZ,ThunderCock,0.2127
NLTP S15,Defensive Team Ball,1,RHCP,kool aid,0.3301
NLTP S15,Defensive Team Ball,2,RHCP,BusinessBird,0.2019
NLTP S15,Defensive Team Ball,3,WIZ,Fraser,0.1667
NLTP S15,Rookie of the Season,1,BML,Kaleb Song,0.3372
NLTP S15,Rookie of the Season,2,DNO,rake,0.1890
NLTP S15,Rookie of the Season,3,LBT,Cheezedoodle,0.1715
NLTP S15,Position Change,1,DNO,a$ap.,0.3547
NLTP S15,Position Change,2,LBT,Gryff,0.3486
NLTP S15,Position Change,3,LNC,TurdFerguson,0.1254
NLTP S15,Most Improved,1,DNO,rake,0.2543
NLTP S15,Most Improved,2,LBT,Gryff,0.2052
NLTP S15,Most Improved,3,BLK,Boo Caw Key,0.1329
NLTP S15,Well Rounded,1,FBB,Slowpolka,0.2622
NLTP S15,Well Rounded,2,LBT,Gryff,0.2568
NLTP S15,Well Rounded,3,DNO,a$ap.,0.1649
NLTP S15,FU GASP,1,LBT,laserpig,0.1471
NLTP S15,FU GASP,2,TNW,Jeremy Jamm,0.1321
NLTP S15,FU GASP,3,LBT,"BC, Canada",0.1081
NLTP S15,Best Valued,1,BML,Kaleb Song,0.2980
NLTP S15,Best Valued,2,DNO,rake,0.2407
NLTP S15,Best Valued,3,LBT,laserpig,0.1318
NLTP S15,Best Offense Pair,1,DNO,Gargantua,0.2392
NLTP S15,Best Offense Pair,1,DNO,rake,0.2392
NLTP S15,Best Offense Pair,2,NIP,Dusk,0.2046
NLTP S15,Best Offense Pair,2,NIP,laserpig,0.2046
NLTP S15,Best Offense Pair,3,LBT,Fender,0.2017
NLTP S15,Best Offense Pair,3,LBT,"BC, Canada",0.2017
NLTP S15,Best Defense Pair,1,WIZ,Gryff,0.2682
NLTP S15,Best Defense Pair,1,WIZ,Cheezedoodle,0.2682
NLTP S15,Best Defense Pair,2,DNO,a$ap.,0.2507
NLTP S15,Best Defense Pair,2,DNO,TheBob18,0.2507
NLTP S15,Best Defense Pair,3,BML,Kaleb Song,0.1837
NLTP S15,Best Defense Pair,3,BML,cirez D,0.1837
NLTP S15,Best Co-Captain,1,DNO,a$ap.,0.2643
NLTP S15,Best Co-Captain,2,OPH,IfYouSeekAmy,0.1624
NLTP S15,Best Co-Captain,3,,Suchit,0.1529
NLTP S15,Best Captain,1,LBT,Dusk,0.2611
NLTP S15,Best Captain,2,DNO,Peach Fuzz,0.1639
NLTP S15,Best Captain,3,TNW,Crowman,0.1389
NLTP S15,Most Cohesive Unit,1,The Manipulation Station,,0.2938
NLTP S15,Most Cohesive Unit,2,WCYDinos,,0.2315
NLTP S15,Most Cohesive Unit,3,The Night's Watch,,0.1395
NLTP S15,Best Streamer,1,OPH,IfYouSeekAmy,0.2277
NLTP S15,Best Streamer,2,,BallAnka,0.2046
NLTP S15,Best Streamer,3,DNO,DwarfFortres,0.1844
NLTP S15,Heart Award,1,DNO,DwarfFortres,0.2369
NLTP S15,Heart Award,2,NIP,Method Man,0.1415
NLTP S15,Heart Award,3,TNW,Crowman,0.0954
NLTP S15,Behind the Scenes,1,,NLTP Newsroom,0.4011
NLTP S15,Behind the Scenes,2,BHS,Balled Eagle,0.2260
NLTP S15,Behind the Scenes,3,TNW,Jeremy Jammmmmm,0.0876
NLTP B S15,MVB,1,,Adarssh,0.2431
NLTP B S15,MVB,2,DNO,DwarfFortres,0.1389
NLTP B S15,MVB,3,,HAKA II,0.1181
NLTP B S15,OBOS,1,,Adarssh,0.2292
NLTP B S15,OBOS,2,,stevepotato,0.1667
NLTP B S15,OBOS,3,,Haka II,0.1007
NLTP B S15,DBOS,1,,kwib,0.1577
NLTP B S15,DBOS,2,,Moon River,0.1541
NLTP B S15,DBOS,3,,Yakkit,0.1326
NLTP B S15,Offensive Team Ball,1,DNO,Sir Cle Jerk,0.2350
NLTP B S15,Offensive Team Ball,2,,kl,0.2308
NLTP B S15,Offensive Team Ball,3,,chaotiq,0.1838
NLTP B S15,Defensive Team Ball,1,,Makin Bacon,0.2638
NLTP B S15,Defensive Team Ball,2,,Shrimpster,0.1457
NLTP B S15,Defensive Team Ball,3,,H.D.,0.1378
NLTP B S15,Rookie of the Season,1,,Shrimpster,0.3164
NLTP B S15,Rookie of the Season,2,,Moon River,0.3086
NLTP B S15,Rookie of the Season,3,,Shaolin,0.1172
NLTP B S15,Position Change,1,,stevepotato,0.2258
NLTP B S15,Position Change,2,,CatPuke,0.2218
NLTP B S15,Position Change,3,,BaIl-E,0.1855
NLTP B S15,Most Improved,1,DNO,DwarfFortres,0.2087
NLTP B S15,Most Improved,2,,HAKA II,0.1811
NLTP B S15,Most Improved,3,,comm1,0.1457
NLTP B S15,Well Rounded,1,DNO,DwarfFortres,0.2056
NLTP B S15,Well Rounded,2,,Adarssh,0.1613
NLTP B S15,Well Rounded,3,,kwib,0.1250
NLTP B S15,Well Rounded,3,,Accel,0.1250
NLTP B S15,FU GASP,1,,Flaccid Trip,0.2553
NLTP B S15,FU GASP,2,,DEIRF,0.1532
NLTP B S15,FU GASP,3,,Serendipitou,0.1447
NLTP B S15,Best Valued,1,,Shrimpster,0.1970
NLTP B S15,Best Valued,2,,Moon River,0.1970
NLTP B S15,Best Valued,3,,stevepotato,0.1439
NLTP B S15,Best Offense Pair,1,,Activ.,0.3410
NLTP B S15,Best Offense Pair,1,,stevepotato,0.3410
NLTP B S15,Best Offense Pair,1,,Flaccid Trip,0.3410
NLTP B S15,Best Offense Pair,2,,Haka II,0.2414
NLTP B S15,Best Offense Pair,2,,T-Swift!,0.2414
NLTP B S15,Best Offense Pair,2,,Sir Cle Jerk,0.2414
NLTP B S15,Best Offense Pair,3,,Accel,0.1762
NLTP B S15,Best Offense Pair,3,,Galvatron,0.1762
NLTP B S15,Best Offense Pair,3,,Sweater,0.1762
NLTP B S15,Best Offense Pair,3,,AlHarrington,0.1762
NLTP B S15,Best Defense Pair,1,,Yakkit,0.3178
NLTP B S15,Best Defense Pair,1,,CA$H,0.3178
NLTP B S15,Best Defense Pair,1,,DwarfFortres,0.3178
NLTP B S15,Best Defense Pair,1,,Shaolin,0.3178
NLTP B S15,Best Defense Pair,2,,Zig,0.3023
NLTP B S15,Best Defense Pair,2,,Moon River,0.3023
NLTP B S15,Best Defense Pair,2,,Moistointment,0.3023
NLTP B S15,Best Defense Pair,2,,i love HD,0.3023
NLTP B S15,Best Defense Pair,3,,Kwib,0.1550
NLTP B S15,Best Defense Pair,3,,360broscope,0.1550
MLTP S16,MVB,1,COA,WarriOrs,0.3540
MLTP S16,MVB,2,THS,bright,0.1416
MLTP S16,MVB,3,TCJ,Ty,0.1195
MLTP S16,OBOS,1,COA,WarriOrs,0.3773
MLTP S16,OBOS,2,TCJ,Ty,0.2045
MLTP S16,OBOS,3,CRK,Destar,0.1409
MLTP S16,DBOS,1,TCJ,BALLDON'TLIE,0.2466
MLTP S16,DBOS,2,COA,Wanye,0.1749
MLTP S16,DBOS,3,MMP,CB13,0.1166
MLTP S16,OROS,1,SKD,Suchit,0.5181
MLTP S16,OROS,2,GGB,ez,0.4819
MLTP S16,DROS,1,TCJ,Armbranch,0.3973
MLTP S16,DROS,2,CRK,Doris,0.2411
MLTP S16,DROS,3,MMP,777z,0.2054
MLTP S16,5th Ball,1,GBR,quibble,0.2559
MLTP S16,5th Ball,2,GGB,ez,0.2133
MLTP S16,5th Ball,3,SKD,Suchit,0.2085
MLTP S16,Well Rounded,1,MMP,CB13,0.1950
MLTP S16,Well Rounded,2,THS,bright,0.1650
MLTP S16,Well Rounded,3,TCJ,Ty,0.1600
MLTP S16,Most Improved,1,TCJ,Ty,0.2705
MLTP S16,Most Improved,2,CRK,Destar,0.1932
MLTP S16,Most Improved,3,COA,Bamboozler,0.1739
MLTP S16,Best Valued,1,COA,Bamboozler,0.3019
MLTP S16,Best Valued,2,TCJ,Armbranch,0.3019
MLTP S16,Best Valued,3,SKD,DEAD NAN,0.1981
MLTP S16,Best Offense Pair,1,COA,WarriOrs,0.3592
MLTP S16,Best Offense Pair,1,COA,Apopalypse,0.3592
MLTP S16,Best Offense Pair,2,THS,bright,0.3058
MLTP S16,Best Offense Pair,2,THS,pulpo,0.3058
MLTP S16,Best Offense Pair,3,TCJ,Ty,0.2087
MLTP S16,Best Offense Pair,3,TCJ,Frozen,0.2087
MLTP S16,Best Defense Pair,1,TCJ,BALLDON'TLIE,0.2796
MLTP S16,Best Defense Pair,1,TCJ,Armbranch,0.2796
MLTP S16,Best Defense Pair,2,COA,Wanye,0.2749
MLTP S16,Best Defense Pair,2,COA,Bamboozler,0.2749
MLTP S16,Best Defense Pair,3,MMP,CB13,0.1137
MLTP S16,Best Defense Pair,3,MMP,777z,0.1137
MLTP S16,FU GASP,1,MMP,777z,0.2749
MLTP S16,FU GASP,2,CRK,FLY,0.2456
MLTP S16,FU GASP,3,MMP,sidewalk,0.2047
MLTP S16,Best Captain,1,COA,Wanye,0.2602
MLTP S16,Best Captain,2,CRK,Destar,0.1786
MLTP S16,Best Captain,3,TCJ,Ron Hextball,0.1684
MLTP S16,Most Cohesive Unit,1,Centra of Attention,,0.3495
MLTP S16,Most Cohesive Unit,2,TC Jukes,,0.2184
MLTP S16,Most Cohesive Unit,3,The Holy Seehawks,,0.1942
MLTP S16,Best Streamer,1,CRK,TheBob18,0.3333
MLTP S16,Best Streamer,2,TCJ,BALLDON'TLIE,0.2718
MLTP S16,Best Streamer,3,CRK,Destar,0.1590
MLTP S16,Best Commentator,1,TCJ,BALLDON'TLIE,0.3687
MLTP S16,Best Commentator,2,CRK,TheBob18,0.1919
MLTP S16,Best Commentator,3,CRK,Destar,0.1111
MLTP S16,Behind the Scenes,1,CRK,Destar,0.3452
MLTP S16,Behind the Scenes,2,GBR,Mufro,0.2030
MLTP S16,Behind the Scenes,3,COA,Bamboozler,0.1878
MLTP S16,All-Stars [Offense],1,COA,WarriOrs,0.8947
MLTP S16,All-Stars [Offense],2,TCJ,Ty,0.8947
MLTP S16,All-Stars [Offense],3,THS,bright,0.7632
MLTP S16,All-Stars [Offense],4,CRK,Destar,0.5526
MLTP S16,All-Stars [Offense],5,THS,pulpo,0.3158
MLTP S16,All-Stars [Defense],1,TCJ,BALLDON'TLIE,0.8158
MLTP S16,All-Stars [Defense],2,COA,Wanye,0.6053
MLTP S16,All-Stars [Defense],3,MMP,CB13,0.5789
MLTP S16,All-Stars [Defense],4,SKD,Syniikal,0.4474
MLTP S16,All-Stars [Defense],5,TCJ,Armbranch,0.3684
mLTP S16,MVB,1,COA,Djinni,0.2605
mLTP S16,MVB,2,TCJ,FURY.,0.1488
mLTP S16,MVB,3,SRP,refined,0.1302
mLTP S16,OBOS,1,CLP,FURY.,0.3317
mLTP S16,OBOS,2,COA,Djinni,0.2885
mLTP S16,OBOS,3,GGB,YUNG ZEFF,0.1875
mLTP S16,DBOS,1,TCJ,GeT_RiGhT,0.2925
mLTP S16,DBOS,2,SRP,refined,0.1462
mLTP S16,DBOS,3,GGB,King's Crown,0.1274
mLTP S16,OROS,1,COA,Djinni,0.4327
mLTP S16,OROS,2,COA,wassa,0.1779
mLTP S16,OROS,3,GGB,ez,0.1635
mLTP S16,DROS,1,COA,RacgiMan,0.3547
mLTP S16,DROS,2,PIC,Bomberguy,0.2118
mLTP S16,DROS,3,SRP,iSuck,0.2069
mLTP S16,5th Ball,1,COA,wassa,0.2670
mLTP S16,5th Ball,2,COA,anduin,0.2094
mLTP S16,5th Ball,3,GBR,WheelinTimmy,0.1728
mLTP S16,Well Rounded,1,TCJ,Tim Hortons,0.2254
mLTP S16,Well Rounded,2,SRP,refined,0.2066
mLTP S16,Well Rounded,3,COA,Djinni,0.1174
mLTP S16,Most Improved,1,TCJ,FURY.,0.1980
mLTP S16,Most Improved,2,SRP,refined,0.1832
mLTP S16,Most Improved,3,TCJ,Tim Hortons,0.1782
mLTP S16,Best Valued,1,CRK,TheBob18,0.2488
mLTP S16,Best Valued,2,COA,DISTRACTION,0.1443
mLTP S16,Best Valued,3,GGB,cirez D,0.1294
mLTP S16,Best Offense Pair,1,TCJ,FURY.,0.3073
mLTP S16,Best Offense Pair,1,TCJ,IfYouSeekAmy,0.3073
mLTP S16,Best Offense Pair,2,COA,Djinni,0.2396
mLTP S16,Best Offense Pair,2,COA,team,0.2396
mLTP S16,Best Offense Pair,3,GGB,YUNG ZEFF,0.1406
mLTP S16,Best Offense Pair,3,GGB,ez,0.1406
mLTP S16,Best Defense Pair,1,TCJ,GeT_RiGhT,0.2872
mLTP S16,Best Defense Pair,1,TCJ,Tim Hortons,0.2872
mLTP S16,Best Defense Pair,2,GGB,King's Crown,0.1543
mLTP S16,Best Defense Pair,2,GGB,cirez D,0.1543
mLTP S16,Best Defense Pair,3,COA,DISTRACTION,0.1330
mLTP S16,Best Defense Pair,3,COA,RacgiMan,0.1330
mLTP S16,FU GASP,1,CRK,MrJoehobo,0.1658
mLTP S16,FU GASP,2,THS,Epiphany,0.1390
mLTP S16,FU GASP,3,SRP,Elsa,0.1337
mLTP S16,Most Cohesive Unit,1,Club Pinguin,,0.2813
mLTP S16,Most Cohesive Unit,2,Attention Wars,,0.2552
mLTP S16,Most Cohesive Unit,3,The Jungle Jukes,,0.1302
mLTP S16,All-Stars [Offense],1,COA,Djinni,0.8571
mLTP S16,All-Stars [Offense],2,TCJ,FURY.,0.8000
mLTP S16,All-Stars [Offense],3,GGB,YUNG ZEFF,0.7143
mLTP S16,All-Stars [Offense],4,GGB,IfYouSeekAmy,0.4000
mLTP S16,All-Stars [Offense],5,CRK,idiOt,0.3143
mLTP S16,All-Stars [Defense],1,TCJ,GeT_RiGhT,0.8000
mLTP S16,All-Stars [Defense],2,SRP,refined,0.6857
mLTP S16,All-Stars [Defense],3,TCJ,Tim Hortons,0.6000
mLTP S16,All-Stars [Defense],4,CRK,TheBob18,0.4857
mLTP S16,All-Stars [Defense],5,CRK,yiss,0.4571
NLTP S16,MVB,1,TPC,Jerry.,0.2111
NLTP S16,MVB,2,GIZ,DAD.,0.1364
NLTP S16,MVB,3,OPH,sass,0.1272
NLTP S16,Offensive Ball of the Season,1,GIZ,DAD.,0.1749
NLTP S16,Offensive Ball of the Season,2,GIZ,FK,0.1663
NLTP S16,Offensive Ball of the Season,3,TPC,Jerry.,0.1379
NLTP S16,Defensive Ball of the Season,1,OPH,sass,0.1939
NLTP S16,Defensive Ball of the Season,2,LBT,El Sacko,0.1534
NLTP S16,Defensive Ball of the Season,3,GIZ,Gram Parsons,0.1165
NLTP S16,Rookie of the Season,1,PCC,360broscope,0.3324
NLTP S16,Rookie of the Season,2,GIZ,FK,0.2570
NLTP S16,Rookie of the Season,3,OPH,-_,0.2153
NLTP S16,Offensive Team Ball,1,THE,ThePace,0.2766
NLTP S16,Offensive Team Ball,2,TPC,HeinousAnus,0.2273
NLTP S16,Offensive Team Ball,3,OPH,T-Swift!,0.2253
NLTP S16,Defensive Team Ball,1,TPC,MAGNlTUDE,0.4070
NLTP S16,Defensive Team Ball,2,DNO,Zig,0.2147
NLTP S16,Defensive Team Ball,3,GIZ,JARVISLANDRY,0.1990
NLTP S16,Well Rounded,1,TPC,Jerry.,0.2120
NLTP S16,Well Rounded,2,PCC,CarrotCake,0.1572
NLTP S16,Well Rounded,3,DNO,Tree Strudel,0.1263
NLTP S16,Most Improved,1,OPH,sass,0.2265
NLTP S16,Most Improved,2,THE,ThePace,0.2120
NLTP S16,Most Improved,3,REV,eDD,0.2018
NLTP S16,Best Valued,1,OPH,sass,0.2755
NLTP S16,Best Valued,2,THE,ThePace,0.1249
NLTP S16,Best Valued,3,LBT,steeze.,0.1036
NLTP S16,Best Offense Pair,1,GIZ,FK,0.1832
NLTP S16,Best Offense Pair,1,GIZ,DAD.,0.1832
NLTP S16,Best Offense Pair,2,TPC,laserpig,0.1562
NLTP S16,Best Offense Pair,2,TPC,Jerry.,0.1562
NLTP S16,Best Offense Pair,3,THE,ThePace,0.1493
NLTP S16,Best Offense Pair,3,THE,Balled Eagle,0.1493
NLTP S16,Best Offense Pair,3,THE,CatPuke,0.1493
NLTP S16,Best Defense Pair,1,PCC,360broscope,0.1851
NLTP S16,Best Defense Pair,1,PCC,Catalyst,0.1851
NLTP S16,Best Defense Pair,2,LBT,El Sacko,0.1732
NLTP S16,Best Defense Pair,2,LBT,chucky,0.1732
NLTP S16,Best Defense Pair,3,TPB,TurdFerguson,0.1437
NLTP S16,Best Defense Pair,3,TPB,42,0.1437
NLTP S16,FU GASP,1,TPB,42,0.1602
NLTP S16,FU GASP,2,OPH,ess,0.1547
NLTP S16,FU GASP,3,CCH,Slowpolka,0.1486
NLTP S16,Position Change,1,LBT,chucky,0.3749
NLTP S16,Position Change,2,PCC,CarrotCake,0.3197
NLTP S16,Position Change,3,OPH,sass,0.2309
NLTP S16,Best Captain,1,THE,Balled Eagle,0.1794
NLTP S16,Best Captain,2,PCC,Hjalpa,0.1255
NLTP S16,Best Captain,3,GIZ,Gram Parsons,0.1195
NLTP S16,Best Co-Captain,1,,Gryff,0.1410
NLTP S16,Best Co-Captain,2,,42,0.1214
NLTP S16,Best Co-Captain,3,,Omar,0.1164
NLTP S16,Most Cohesive Unit,1,The Pinga Coladas,,0.2287
NLTP S16,Most Cohesive Unit,2,The Pigeon Boys,,0.1603
NLTP S16,Most Cohesive Unit,3,The Holdin' Eagles,,0.1535
NLTP S16,Best Streamer,1,THE,FlaccidTrip,0.1705
NLTP S16,Best Streamer,2,ALTP,IfYouSeekAmy,0.1487
NLTP S16,Best Streamer,3,NLTP,Gryff,0.1127
NLTP S16,Heart Award,1,TPB,slobonmyknob,0.1699
NLTP S16,Heart Award,2,CCH,pk,0.1570
NLTP S16,Heart Award,3,LBT,kooler,0.1564
NLTP S16,Behind the Scenes,1,CCH,titanblue,0.1540
NLTP S16,Behind the Scenes,2,GIZ,JARVISLANDRY,0.1479
NLTP S16,Behind the Scenes,3,,Activ.,0.1407
NLTP S16,All-Stars [Offense],1,,Jerry.,0.8360
NLTP S16,All-Stars [Offense],2,,titanblue,0.6550
NLTP S16,All-Stars [Offense],3,,DAD.,0.6360
NLTP S16,All-Stars [Offense],4,,FK,0.5820
NLTP S16,All-Stars [Offense],5,,ThePace,0.4910
NLTP S16,All-Stars [Defense],1,,sass,0.6980
NLTP S16,All-Stars [Defense],2,,El Sacko,0.6420
NLTP S16,All-Stars [Defense],3,,TurdFerguson,0.6230
NLTP S16,All-Stars [Defense],4,,gh0st,0.5850
NLTP S16,All-Stars [Defense],5,,Gram Parsons,0.5660
NLTP B S16,MVB,1,TPB,DwarfFortres,0.2238
NLTP B S16,MVB,2,TPC,Sadness,0.2072
NLTP B S16,MVB,3,THE,flaccid trip,0.1070
NLTP B S16,Offensive Ball of the Season,1,TPC,Sadness,0.2355
NLTP B S16,Offensive Ball of the Season,2,TPB,inthesomeday,0.1277
NLTP B S16,Offensive Ball of the Season,3,THE,flaccid trip,0.1183
NLTP B S16,Defensive Ball of the Season,1,TPB,DwarfFortres,0.2672
NLTP B S16,Defensive Ball of the Season,2,OPH,AnthonyDavis,0.1403
NLTP B S16,Defensive Ball of the Season,3,NPR,clew3,0.1238
NLTP B S16,Rookie of the Season,1,PCC,2Nutz,0.3393
NLTP B S16,Rookie of the Season,2,,Dr.Ankles,0.2579
NLTP B S16,Rookie of the Season,3,LBT,Farva,0.1433
NLTP B S16,Offensive Team Ball,1,TPC,HeinousAnus,0.2428
NLTP B S16,Offensive Team Ball,2,OPH,T-Swift!,0.1699
NLTP B S16,Offensive Team Ball,3,OPH,SmallyBigs,0.1497
NLTP B S16,Defensive Team Ball,1,TPC,MAGNlTUDE,0.2694
NLTP B S16,Defensive Team Ball,2,GIZ,BallsToYou.,0.1522
NLTP B S16,Defensive Team Ball,3,NPR,rolln papers,0.1476
NLTP B S16,Well Rounded,1,TPB,DwarfFortres,0.1899
NLTP B S16,Well Rounded,2,TPB,Airmigo,0.1478
NLTP B S16,Well Rounded,3,OPH,D Rek,0.1287
NLTP B S16,Most Improved,1,TPB,Secondskin,0.2300
NLTP B S16,Most Improved,2,THE,flaccid trip,0.2189
NLTP B S16,Most Improved,3,TPC,Sadness,0.1779
NLTP B S16,Best Valued,1,TPC,Sadness,0.1688
NLTP B S16,Best Valued,2,OPH,slime_god,0.1484
NLTP B S16,Best Valued,3,,Aaleeyah,0.1375
NLTP B S16,Position Change,1,PCC,Hjalpa,0.3198
NLTP B S16,Position Change,2,PCC,k42larson,0.2741
NLTP B S16,Position Change,3,LBT,Karasu,0.2128
NLTP B S16,Best Offense Pair,1,,Breesus,0.2213
NLTP B S16,Best Offense Pair,1,,2Nutz,0.2213
NLTP B S16,Best Offense Pair,2,,RandyB0Bandy,0.2142
NLTP B S16,Best Offense Pair,2,,flaccid trip,0.2142
NLTP B S16,Best Offense Pair,3,,inthesomeday,0.2009
NLTP B S16,Best Offense Pair,3,,slobonmyknob,0.2009
NLTP B S16,Best Offense Pair,3,,airmigo,0.2009
NLTP B S16,Best Defense Pair,1,,AnthonyDavis,0.3070
NLTP B S16,Best Defense Pair,1,,TheEpicBlob,0.3070
NLTP B S16,Best Defense Pair,1,,slime_god,0.3070
NLTP B S16,Best Defense Pair,2,,DwarfFortres,0.2717
NLTP B S16,Best Defense Pair,2,,Secondskin,0.2717
NLTP B S16,Best Defense Pair,3,,Jarek,0.1832
NLTP B S16,Best Defense Pair,3,,Whiskey Jack,0.1832
NLTP B S16,FU GASP,1,GIZ,DEIRF,0.1677
NLTP B S16,FU GASP,2,THE,CatPuke,0.1538
NLTP B S16,FU GASP,3,TPB,MisterPeanut,0.1187
NLTP B S16,Most Cohesive Unit,1,The Pinga Coladas,,0.2154
NLTP B S16,Most Cohesive Unit,2,The Pigeon Boys,,0.1604
NLTP B S16,Most Cohesive Unit,3,Over the Pants Handoffs,,0.1297
NLTP B S16,All-Stars [Offense],1,,Sadness,0.6520
NLTP B S16,All-Stars [Offense],2,,Dr. Ankles,0.6300
NLTP B S16,All-Stars [Offense],3,,slobonmyknob,0.6300
NLTP B S16,All-Stars [Offense],4,,flaccid trip,0.5220
NLTP B S16,All-Stars [Offense],5,,inthesomeday,0.4570
NLTP B S16,All-Stars [Defense],1,,DwarfFortres,0.7610
NLTP B S16,All-Stars [Defense],2,,Moon River,0.5650
NLTP B S16,All-Stars [Defense],3,,Secondskin,0.5220
NLTP B S16,All-Stars [Defense],4,,AnthonyDavis,0.5220
NLTP B S16,All-Stars [Defense],5,,i love HD,0.5000
MLTP S17,MVB,1,COA,WarriOrs,0.2424
MLTP S17,MVB,2,THS,bright,0.1688
MLTP S17,MVB,3,RHCP,Nice Person,0.1515
MLTP S17,OBOS,1,COA,WarriOrs,0.3348
MLTP S17,OBOS,2,THS,bright,0.2435
MLTP S17,OBOS,3,RHCP,badger,0.1870
MLTP S17,DBOS,1,RHCP,Nice Person,0.2689
MLTP S17,DBOS,2,HR,Abe Lincoln,0.1840
MLTP S17,DBOS,3,BOP,Bal McCartny,0.1509
MLTP S17,OROS,1,GBR,Djinni,0.4554
MLTP S17,OROS,2,AC,FURY.,0.2813
MLTP S17,OROS,3,BOP,EIsa,0.2634
MLTP S17,DROS,1,THS,Epiphany,0.4112
MLTP S17,DROS,2,GBR,refined,0.3318
MLTP S17,DROS,3,SVB,anduin,0.2570
MLTP S17,5th Ball,1,SVB,RacgiMan,0.2744
MLTP S17,5th Ball,2,MMP,Pnaoxt,0.2233
MLTP S17,5th Ball,3,MMP,Syniikal,0.1907
MLTP S17,Well Rounded,1,RHCP,badger,0.1564
MLTP S17,Well Rounded,2,HR,Abe Lincoln,0.1564
MLTP S17,Well Rounded,3,TCJ,Ty,0.1564
MLTP S17,Most Improved,1,RHCP,Matetricks,0.3089
MLTP S17,Most Improved,2,COA,Frothy,0.2147
MLTP S17,Most Improved,3,THS,BigBird,0.0995
MLTP S17,Best Valued,1,RHCP,Matetricks,0.2736
MLTP S17,Best Valued,2,THS,Epiphany,0.1981
MLTP S17,Best Valued,3,HR,DEAD NAN,0.1651
MLTP S17,Best Offense Pair,1,,WarriOrs,0.2903
MLTP S17,Best Offense Pair,1,,Wayne,0.2903
MLTP S17,Best Offense Pair,2,,bright,0.2857
MLTP S17,Best Offense Pair,2,,GOOBR,0.2857
MLTP S17,Best Offense Pair,3,,badger,0.2074
MLTP S17,Best Offense Pair,3,,Matetricks,0.2074
MLTP S17,Best Defense Pair,1,,Nice Person / Bamboozler,0.2524
MLTP S17,Best Defense Pair,2,,ARMBRANCH,0.1699
MLTP S17,Best Defense Pair,2,,BALLDON'TLIE,0.1699
MLTP S17,Best Defense Pair,3,,BigBird,0.1553
MLTP S17,Best Defense Pair,3,,Epiphany,0.1553
MLTP S17,FU GASP,1,RHCP,Nice Person,0.3147
MLTP S17,FU GASP,2,HR,DEAD NAN,0.1980
MLTP S17,FU GASP,3,GBR,Djinni,0.1675
MLTP S17,Best Captain,1,RHCP,Nice Person,0.2462
MLTP S17,Best Captain,2,THS,bright,0.1709
MLTP S17,Best Captain,3,HR,Abe Lincoln,0.1005
MLTP S17,Most Cohesive Unit,1,Red Hot Chili Poppers,,0.3029
MLTP S17,Most Cohesive Unit,2,The Holy Seehawks,,0.1923
MLTP S17,Most Cohesive Unit,3,Centra of Attention,,0.1490
MLTP S17,Best Streamer,1,,iAaronK,0.2264
MLTP S17,Best Streamer,2,,okthen,0.1226
MLTP S17,Best Streamer,3,AC,BALLDON'TLIE,0.1179
MLTP S17,Best Commentator,1,AC,BALLDON'TLIE,0.2431
MLTP S17,Best Commentator,2,,okthen,0.1514
MLTP S17,Best Commentator,3,,grant,0.1422
MLTP S17,Behind the Scenes,1,CRK,Destar,0.2637
MLTP S17,Behind the Scenes,2,CRK,FLY,0.1868
MLTP S17,Behind the Scenes,3,RHCP,Bamboozler,0.1813
MLTP S17,All-Stars [Offense],1,COA,WarriOrs,0.8720
MLTP S17,All-Stars [Offense],2,THS,bright,0.7690
MLTP S17,All-Stars [Offense],3,RHCP,badger,0.6920
MLTP S17,All-Stars [Offense],4,THS,GOOBR,0.4100
MLTP S17,All-Stars [Offense],5,COA,wanye,0.3590
MLTP S17,All-Stars [Defense],1,HR,Abe Lincoln,0.7950
MLTP S17,All-Stars [Defense],2,COA,Nice Person,0.6920
MLTP S17,All-Stars [Defense],3,THS,BigBird,0.5640
MLTP S17,All-Stars [Defense],4,BOP,Bal McCartny,0.4620
MLTP S17,All-Stars [Defense],5,AC,ARMBRANCH,0.4360
mLTP S17,MVB,1,SVB,Kamikaze,0.2033
mLTP S17,MVB,2,CSP,yiss,0.1992
mLTP S17,MVB,3,HR,Taurus,0.1120
mLTP S17,OBOS,1,SVB,Kamikaze,0.2305
mLTP S17,OBOS,2,AW,AK 47,0.1934
mLTP S17,OBOS,3,,DanP,0.1440
mLTP S17,DBOS,1,CSP,yiss,0.2269
mLTP S17,DBOS,2,BHCP,HERB,0.1387
mLTP S17,DBOS,3,HR,Taurus,0.1261
mLTP S17,OROS,1,AW,AK 47,0.3590
mLTP S17,OROS,2,,DanP,0.3034
mLTP S17,OROS,3,SVB,glob.,0.2051
mLTP S17,DROS,1,HR,Taurus,0.3289
mLTP S17,DROS,2,BAH,black orchid,0.2711
mLTP S17,DROS,3,BHCP,Suicyanide,0.2222
mLTP S17,5th Ball,1,SVB,RacgiMan,0.3500
mLTP S17,5th Ball,2,SVB,Some Ballz,0.1909
mLTP S17,5th Ball,3,HR,veezy,0.1636
mLTP S17,Well Rounded,1,HR,Taurus,0.2236
mLTP S17,Well Rounded,2,AW,Raspberry,0.1224
mLTP S17,Well Rounded,3,AW,AK 47,0.0970
mLTP S17,Most Improved,1,SVB,Kamikaze,0.2026
mLTP S17,Most Improved,2,CSP,LioneI Messi,0.1630
mLTP S17,Most Improved,3,SC,Hawaii,0.1410
mLTP S17,Best Valued,1,HR,Taurus,0.2009
mLTP S17,Best Valued,2,SVB,Kamikaze,0.1920
mLTP S17,Best Valued,3,BAH,black orchid,0.1429
mLTP S17,Best Offense Pair,1,,Kamikaze,0.2933
mLTP S17,Best Offense Pair,1,,glob.,0.2933
mLTP S17,Best Offense Pair,2,,LioneI Messi,0.2044
mLTP S17,Best Offense Pair,2,,DanP,0.2044
mLTP S17,Best Offense Pair,3,,Snowball,0.1156
mLTP S17,Best Offense Pair,3,,Oz God,0.1156
mLTP S17,Best Defense Pair,1,,Hawaii,0.1842
mLTP S17,Best Defense Pair,1,,NEB.,0.1842
mLTP S17,Best Defense Pair,2,,yiss,0.1667
mLTP S17,Best Defense Pair,2,,Dodge,0.1667
mLTP S17,Best Defense Pair,3,,Taurus,0.1491
mLTP S17,Best Defense Pair,3,,Jackals,0.1491
mLTP S17,FU GASP,1,SC,IFYOUSEEKAMY,0.1718
mLTP S17,FU GASP,2,BOP,sidewalk,0.1586
mLTP S17,FU GASP,3,BAH,bubblez,0.1278
mLTP S17,Most Cohesive Unit,1,Ballshevik Revolution,,0.1981
mLTP S17,Most Cohesive Unit,2,Blue Hot Chili Poppers,,0.1887
mLTP S17,Most Cohesive Unit,3,Balls on Parade,,0.1462
mLTP S17,All-Stars [Offense],1,,AK 47,0.7440
mLTP S17,All-Stars [Offense],2,,Kamikaze,0.6980
mLTP S17,All-Stars [Offense],3,,danP,0.5580
mLTP S17,All-Stars [Offense],4,,glob.,0.4420
mLTP S17,All-Stars [Offense],5,,LioneI Messi,0.4190
mLTP S17,All-Stars [Defense],1,,yiss,0.5810
mLTP S17,All-Stars [Defense],2,,HERB,0.5580
mLTP S17,All-Stars [Defense],3,,Taurus,0.5350
mLTP S17,All-Stars [Defense],4,,Hawaii,0.4650
mLTP S17,All-Stars [Defense],5,,NEB.,0.3950
NLTP S17,MVB,1,,Jerry.,0.2298
NLTP S17,MVB,2,,Prevntus,0.1375
NLTP S17,MVB,3,,CarrotCake,0.1035
NLTP S17,Offensive Ball of the Season,1,,Jerry.,0.2562
NLTP S17,Offensive Ball of the Season,2,,CoolCat,0.1569
NLTP S17,Offensive Ball of the Season,3,,CarrotCake,0.1271
NLTP S17,Defensive Ball of the Season,1,,Shaolin,0.2283
NLTP S17,Defensive Ball of the Season,2,,Prevntus,0.1867
NLTP S17,Defensive Ball of the Season,3,,Moon River,0.0993
NLTP S17,Rookie of the Season,1,,Moon River,0.3453
NLTP S17,Rookie of the Season,2,,inthesomeday,0.2035
NLTP S17,Rookie of the Season,3,,Zig,0.1863
NLTP S17,Offensive Team Ball,1,,ThePace,0.2635
NLTP S17,Offensive Team Ball,2,,ez,0.1953
NLTP S17,Offensive Team Ball,3,,Dr.Ankles,0.1667
NLTP S17,Defensive Team Ball,1,,42,0.3911
NLTP S17,Defensive Team Ball,2,,gh0st,0.3564
NLTP S17,Defensive Team Ball,3,,Whiskey Jack,0.2525
NLTP S17,Well Rounded,1,,Prevntus,0.2012
NLTP S17,Well Rounded,2,,IfYouSeekAmy,0.1621
NLTP S17,Well Rounded,3,,Jerry.,0.1577
NLTP S17,Most Improved,1,,Shaolin,0.3253
NLTP S17,Most Improved,2,,Activ.,0.3238
NLTP S17,Most Improved,3,,CarrotCake,0.1940
NLTP S17,Best Valued,1,,Shaolin,0.2826
NLTP S17,Best Valued,2,,First,0.2253
NLTP S17,Best Valued,3,,Moon River,0.1793
NLTP S17,Best Offense Pair,1,,Jerry.,0.3510
NLTP S17,Best Offense Pair,1,,Kutrebar,0.3510
NLTP S17,Best Offense Pair,2,,CoolCat,0.2667
NLTP S17,Best Offense Pair,2,,Sadness,0.2667
NLTP S17,Best Offense Pair,3,,CarrotCake,0.1998
NLTP S17,Best Offense Pair,3,,eldenn,0.1998
NLTP S17,Best Defense Pair,1,,Crony,0.3729
NLTP S17,Best Defense Pair,1,,Shaolin,0.3729
NLTP S17,Best Defense Pair,2,,Prevntus,0.2829
NLTP S17,Best Defense Pair,2,,Incandenza,0.2829
NLTP S17,Best Defense Pair,3,,Moon River,0.2257
NLTP S17,Best Defense Pair,3,,DAD.,0.2257
NLTP S17,FU GASP,1,,Edd,0.2939
NLTP S17,FU GASP,2,,Noice!!,0.1786
NLTP S17,FU GASP,3,,eldenn,0.1670
NLTP S17,Position Change,1,,Preventus,0.2780
NLTP S17,Position Change,2,,Edd,0.1840
NLTP S17,Position Change,3,,DAD.,0.1798
NLTP S17,Best Captain,1,,CatPuke,0.2865
NLTP S17,Best Captain,2,,NameLEss,0.1890
NLTP S17,Best Captain,3,,Activ.,0.1304
NLTP S17,Best Co-Captain,1,,WRIG,0.3223
NLTP S17,Best Co-Captain,2,,BallAnka,0.1589
NLTP S17,Best Co-Captain,3,,TurdFerguson,0.1550
NLTP S17,Most Cohesive Unit,1,Boston Pops,,0.2713
NLTP S17,Most Cohesive Unit,2,ProBots,,0.1752
NLTP S17,Most Cohesive Unit,3,Over the Pants Handoffs,,0.1391
NLTP S17,Best Streamer,1,,Balled Eagle,0.2753
NLTP S17,Best Streamer,2,,kooler/McHatty,0.1083
NLTP S17,Best Streamer,3,,BallAnka,0.0875
NLTP S17,Heart Award,1,,Victor Messi,0.2169
NLTP S17,Heart Award,2,,slobonmyknob,0.2068
NLTP S17,Heart Award,3,,Mchatty,0.1861
NLTP S17,Behind the Scenes,1,,The TagPro Lead,0.3635
NLTP S17,Behind the Scenes,2,,Activ.,0.1375
NLTP S17,Behind the Scenes,3,,Moon River,0.1339
NLTP S17,All-Stars [Offense],1,,Jerry.,0.9150
NLTP S17,All-Stars [Offense],2,,Activ.,0.8300
NLTP S17,All-Stars [Offense],3,,CarrotCake,0.7020
NLTP S17,All-Stars [Offense],4,,CoolCat,0.6600
NLTP S17,All-Stars [Offense],5,,First,0.6380
NLTP S17,All-Stars [Offense],4,,Galvatron,0.4470
NLTP S17,All-Stars [Offense],5,,Sadness,0.4470
NLTP S17,All-Stars [Defense],1,,Prevntus,0.8090
NLTP S17,All-Stars [Defense],2,,Shaolin,0.7870
NLTP S17,All-Stars [Defense],3,,Crony,0.7230
NLTP S17,All-Stars [Defense],4,,DAD.,0.6170
NLTP S17,All-Stars [Defense],5,,Moon River,0.6170
NLTP S17,All-Stars [Defense],4,,TurdFerguson,0.5110
NLTP S17,All-Stars [Defense],5,,Incandenza,0.4040
NLTP B S17,MVB,1,,CatPuke,0.1744
NLTP B S17,MVB,2,,Muad Dib,0.1470
NLTP B S17,MVB,3,,WRIG,0.0949
NLTP B S17,Offensive Ball of the Season,1,,based ball,0.2385
NLTP B S17,Offensive Ball of the Season,2,,Sir Cle Jerk,0.1453
NLTP B S17,Offensive Ball of the Season,3,,CatPuke,0.1447
NLTP B S17,Defensive Ball of the Season,1,,superdiglett,0.1746
NLTP B S17,Defensive Ball of the Season,2,,87,0.1730
NLTP B S17,Defensive Ball of the Season,3,,lukemoo,0.1016
NLTP B S17,Rookie of the Season,1,,Pro Boat,0.3440
NLTP B S17,Rookie of the Season,2,,Homer Jay,0.2791
NLTP B S17,Rookie of the Season,3,,Werth,0.2035
NLTP B S17,Offensive Team Ball,1,,GP,0.3219
NLTP B S17,Offensive Team Ball,2,,slobonmyknob,0.3124
NLTP B S17,Offensive Team Ball,3,,42,0.1371
NLTP B S17,Defensive Team Ball,1,,Pro Boat,0.2632
NLTP B S17,Defensive Team Ball,2,,Aurelian,0.2398
NLTP B S17,Defensive Team Ball,3,,Secondskin,0.2151
NLTP B S17,Well Rounded,1,,Rick G. #853,0.1851
NLTP B S17,Well Rounded,2,,Muad Dib,0.1414
NLTP B S17,Well Rounded,3,,DwarfFortres,0.1245
NLTP B S17,Most Improved,1,,Keyser Soze,0.2340
NLTP B S17,Most Improved,2,,Mchatty,0.2155
NLTP B S17,Most Improved,3,,swiss,0.1683
NLTP B S17,Best Valued,1,,Farva,0.1758
NLTP B S17,Best Valued,2,,based ball,0.1711
NLTP B S17,Best Valued,3,,87,0.1248
NLTP B S17,Position Change,1,,D-Swift!,0.3155
NLTP B S17,Position Change,2,,Jarek,0.2134
NLTP B S17,Position Change,3,,LogisticMap,0.1738
NLTP B S17,Best Offense Pair,1,,CatPuke,0.3440
NLTP B S17,Best Offense Pair,1,,Sir Cle Jerk,0.3440
NLTP B S17,Best Offense Pair,1,,Jarek,0.3440
NLTP B S17,Best Offense Pair,2,,Rick G,0.2381
NLTP B S17,Best Offense Pair,2,,based ball,0.2381
NLTP B S17,Best Offense Pair,2,,Keyser Soze,0.2381
NLTP B S17,Best Offense Pair,3,,Muad dib,0.2001
NLTP B S17,Best Offense Pair,3,,n4,0.2001
NLTP B S17,Best Offense Pair,3,,alphachurro,0.2001
NLTP B S17,Best Offense Pair,3,,mchatty,0.2001
NLTP B S17,Best Defense Pair,1,,WRIG,0.2290
NLTP B S17,Best Defense Pair,1,,superdiglett,0.2290
NLTP B S17,Best Defense Pair,2,,Anthonydavis,0.1723
NLTP B S17,Best Defense Pair,2,,dwarffortress,0.1723
NLTP B S17,Best Defense Pair,2,,some ball 12,0.1723
NLTP B S17,Best Defense Pair,3,,i love HD,0.1431
NLTP B S17,Best Defense Pair,3,,87,0.1431
NLTP B S17,FU GASP,1,,Glizzy,0.2534
NLTP B S17,FU GASP,2,,Pro Boat,0.2440
NLTP B S17,FU GASP,3,,Alphachurro,0.2301
NLTP B S17,Most Cohesive Unit,1,St. James InfirWormy,,0.2334
NLTP B S17,Most Cohesive Unit,2,Boston Pops,,0.2139
NLTP B S17,Most Cohesive Unit,3,Over the Pants Handoffs,,0.1436
NLTP B S17,All-Stars [Offense],1,,CatPuke,0.7620
NLTP B S17,All-Stars [Offense],2,,Sir Cle Jerk,0.7380
NLTP B S17,All-Stars [Offense],3,,based ball,0.6430
NLTP B S17,All-Stars [Offense],4,,Muad Dib,0.6190
NLTP B S17,All-Stars [Offense],5,,Farva,0.3810
NLTP B S17,All-Stars [Offense],4,,Jarek,0.2860
NLTP B S17,All-Stars [Offense],5,,k42larson,0.2860
NLTP B S17,All-Stars [Defense],1,,AnthonyDavis,0.7320
NLTP B S17,All-Stars [Defense],2,,87,0.6590
NLTP B S17,All-Stars [Defense],3,,superdiglett,0.6340
NLTP B S17,All-Stars [Defense],4,,lukemoo,0.5610
NLTP B S17,All-Stars [Defense],5,,WRIG,0.4630
NLTP B S17,All-Stars [Defense],4,,swiss,0.3900
NLTP B S17,All-Stars [Defense],5,,Porps,0.3660
MLTP S18,MVB,1,THS,bright,0.3636
MLTP S18,MVB,2,HGW,gg!,0.2632
MLTP S18,MVB,3,OD,Eashy,0.1292
MLTP S18,OBOS,1,HGW,gg!,0.3095
MLTP S18,OBOS,2,THS,bright,0.3000
MLTP S18,OBOS,3,AC,MILKY,0.1762
MLTP S18,DBOS,1,OD,Eashy,0.3384
MLTP S18,DBOS,2,THS,GOOBR,0.1667
MLTP S18,DBOS,3,OPH,Bal McCartny,0.1566
MLTP S18,OROS,1,HGW,gg!,0.5515
MLTP S18,OROS,2,RLB,DanP,0.2629
MLTP S18,OROS,3,OPH,IfYouSeekAmy,0.1856
MLTP S18,DROS,1,HBL,Taurus,1.0000
MLTP S18,5th Ball,1,THS,Juke of Yore,0.3370
MLTP S18,5th Ball,2,HGW,Mike Trout,0.2609
MLTP S18,5th Ball,3,TOC,A-A-ron,0.1685
MLTP S18,Well Rounded,1,THS,bright,0.3403
MLTP S18,Well Rounded,2,AC,BALLDON'TLIE,0.2251
MLTP S18,Well Rounded,3,HBL,Taurus,0.2199
MLTP S18,Most Improved,1,HGW,gg!,0.5149
MLTP S18,Most Improved,2,HBL,Taurus,0.1980
MLTP S18,Most Improved,3,RHCP,RacgiMan,0.1287
MLTP S18,Best Valued,1,HGW,gg!,0.4724
MLTP S18,Best Valued,2,HBL,Taurus,0.1759
MLTP S18,Best Valued,3,THS,GeT_RiGhT,0.1407
MLTP S18,Best Offense Pair,1,THS,bright,0.3781
MLTP S18,Best Offense Pair,1,THS,DEAD NAN,0.3781
MLTP S18,Best Offense Pair,2,HGW,pulpo,0.2886
MLTP S18,Best Offense Pair,2,HGW,gg!,0.2886
MLTP S18,Best Offense Pair,3,AC,MILKY,0.1791
MLTP S18,Best Offense Pair,3,AC,Frozen,0.1791
MLTP S18,Best Defense Pair,1,THS,GOOBR,0.2874
MLTP S18,Best Defense Pair,1,THS,GeT_RiGhT,0.2874
MLTP S18,Best Defense Pair,2,OD,Eashy,0.2184
MLTP S18,Best Defense Pair,2,OD,NEB.,0.2184
MLTP S18,Best Defense Pair,3,RLB,toaster.,0.2184
MLTP S18,Best Defense Pair,3,RLB,Syniikal,0.2184
MLTP S18,FU GASP,1,RLB,toasty,0.3520
MLTP S18,FU GASP,2,HGW,Curry,0.3418
MLTP S18,FU GASP,3,RLB,DanP,0.1276
MLTP S18,Best Captain,1,THS,bright,0.3333
MLTP S18,Best Captain,2,HGW,Curry,0.2540
MLTP S18,Best Captain,3,AC,BALLDON'TLIE,0.1958
MLTP S18,Most Cohesive Unit,1,The Holy Seehawks,,0.3402
MLTP S18,Most Cohesive Unit,2,Holdin' Gate Warriors,,0.2629
MLTP S18,Most Cohesive Unit,3,Origin Ducks,,0.1598
MLTP S18,Best Streamer,1,OD,okthen,0.3859
MLTP S18,Best Streamer,2,-,DwarfFortres,0.1630
MLTP S18,Best Streamer,3,-,BC_Canada,0.1196
MLTP S18,Best Commentator,1,OD,okthen,0.4293
MLTP S18,Best Commentator,2,THS,bright,0.1196
MLTP S18,Best Commentator,3,-,DwarfFortres,0.1141
MLTP S18,Behind the Scenes,1,-,MagikPigeon,0.3000
MLTP S18,Behind the Scenes,2,THS,bright,0.1632
MLTP S18,Behind the Scenes,3,RLB,777z,0.1474
MLTP S18,All-Stars [Offense],1,HGW,gg!,0.9380
MLTP S18,All-Stars [Offense],2,THS,bright,0.8440
MLTP S18,All-Stars [Offense],3,AC,MILKY,0.6560
MLTP S18,All-Stars [Offense],4,RHCP,WarriOrs,0.6250
MLTP S18,All-Stars [Offense],5,MMP,DT,0.3750
MLTP S18,All-Stars [Defense],1,OD,Eashy,0.8710
MLTP S18,All-Stars [Defense],2,OPH,Bal McCartny,0.6130
MLTP S18,All-Stars [Defense],3,THS,GOOBR,0.6130
MLTP S18,All-Stars [Defense],4,RLB,Syniikal,0.5480
MLTP S18,All-Stars [Defense],5,HBL,Armbranch,0.3870
mLTP S18,MVB,1,TCJ,Taurus,0.2320
mLTP S18,MVB,2,RSP,gg!,0.2113
mLTP S18,MVB,3,CPH,q42,0.1289
mLTP S18,OBOS,1,RSP,gg!,0.2932
mLTP S18,OBOS,2,21J,poobie,0.1204
mLTP S18,OBOS,3,BHCP,d0pe,0.1152
mLTP S18,DBOS,1,TCJ,Taurus,0.2396
mLTP S18,DBOS,2,21J,thick shady,0.1354
mLTP S18,DBOS,3,RTJ,Suchit,0.1042
mLTP S18,OROS,1,CT9,a$ap.,0.5034
mLTP S18,OROS,2,GFD,Jerry.,0.4966
mLTP S18,DROS,1,TCJ,NameLEss,1.0000
mLTP S18,5th Ball,1,CT9,a$ap.,0.2264
mLTP S18,5th Ball,2,CT9,pk,0.2201
mLTP S18,5th Ball,3,21J,yep,0.2013
mLTP S18,Well Rounded,1,CPH,q42,0.2807
mLTP S18,Well Rounded,2,CPH,Juke of Yore,0.2807
mLTP S18,Well Rounded,3,TCJ,NameLEss,0.1988
mLTP S18,Most Improved,1,RSP,gg!,0.2926
mLTP S18,Most Improved,2,RTJ,BallAnka,0.2394
mLTP S18,Most Improved,3,TCJ,NameLEss,0.1968
mLTP S18,Best Valued,1,RSP,gg!,0.3661
mLTP S18,Best Valued,2,RTJ,BallAnka,0.2022
mLTP S18,Best Valued,3,TCJ,NameLEss,0.1803
mLTP S18,Best Offense Pair,1,TCJ,refined,0.3179
mLTP S18,Best Offense Pair,1,TCJ,team,0.3179
mLTP S18,Best Offense Pair,2,RTJ,BallAnka,0.2081
mLTP S18,Best Offense Pair,2,RTJ,NEB,0.2081
mLTP S18,Best Offense Pair,3,RSP,gg!,0.1850
mLTP S18,Best Offense Pair,3,RSP,Poeticalto,0.1850
mLTP S18,Best Defense Pair,1,TCJ,Taurus,0.2807
mLTP S18,Best Defense Pair,1,TCJ,NameLEss,0.2807
mLTP S18,Best Defense Pair,2,RTJ,Suchit,0.2398
mLTP S18,Best Defense Pair,2,RTJ,eldenn,0.2398
mLTP S18,Best Defense Pair,3,CPH,q42,0.2105
mLTP S18,Best Defense Pair,3,CPH,Sundown,0.2105
mLTP S18,FU GASP,1,GFD,IfYouSeekAmy,0.3333
mLTP S18,FU GASP,2,BHCP,ez,0.2440
mLTP S18,FU GASP,3,21J,eee,0.1607
mLTP S18,Most Cohesive Unit,1,TC Jukes,,0.3174
mLTP S18,Most Cohesive Unit,2,CapHazard,,0.2455
mLTP S18,Most Cohesive Unit,3,Gateful Dead,,0.1737
mLTP S18,Best Captain,1,RSP,Poeticalto,0.3535
mLTP S18,Best Captain,2,CPH,Frothy,0.2121
mLTP S18,Best Captain,3,BHCP,Tantrew,0.1818
mLTP S18,All-Stars [Offense],1,RSP,gg!,0.8570
mLTP S18,All-Stars [Offense],2,BHCP,d0pe,0.6430
mLTP S18,All-Stars [Offense],3,21J,poobie,0.5000
mLTP S18,All-Stars [Offense],4,RTJ,BallAnka,0.5000
mLTP S18,All-Stars [Offense],5,TCJ,refined,0.3570
mLTP S18,All-Stars [Defense],1,TCJ,Taurus,0.8670
mLTP S18,All-Stars [Defense],2,CPH,q42,0.5190
mLTP S18,All-Stars [Defense],3,21J,thick shady,0.5190
mLTP S18,All-Stars [Defense],4,OBT,Dank Sniper,0.3330
mLTP S18,All-Stars [Defense],5,GFD,Homie,0.3330
NLTP S18,MVB,1,,team,0.3684
NLTP S18,MVB,2,,TheBob18,0.1373
NLTP S18,MVB,3,,Prizm,0.1261
NLTP S18,Offensive Ball of the Season,1,,team,0.3836
NLTP S18,Offensive Ball of the Season,2,,mactheroni,0.2032
NLTP S18,Offensive Ball of the Season,3,,Galvatron,0.0934
NLTP S18,Defensive Ball of the Season,1,,TheBob18,0.2438
NLTP S18,Defensive Ball of the Season,2,,AnthonyDavis,0.1845
NLTP S18,Defensive Ball of the Season,3,,chucky,0.1592
NLTP S18,Rookie of the Season,1,,AnthonyDavis,0.3610
NLTP S18,Rookie of the Season,2,,Raccoon,0.3339
NLTP S18,Rookie of the Season,3,,87,0.3051
NLTP S18,Offensive Team Ball,1,,Jerry.,0.4227
NLTP S18,Offensive Team Ball,2,,Rick G. #853,0.3344
NLTP S18,Offensive Team Ball,3,,Slowpolka,0.1475
NLTP S18,Defensive Team Ball,1,,Pro Boat,0.3794
NLTP S18,Defensive Team Ball,2,,lukemoo,0.3677
NLTP S18,Defensive Team Ball,3,,Gram,0.1461
NLTP S18,Well Rounded,1,,popsic,0.2421
NLTP S18,Well Rounded,2,,Maurice,0.2103
NLTP S18,Well Rounded,3,,Prizm,0.1977
NLTP S18,Most Improved,1,,AnthonyDavis,0.2677
NLTP S18,Most Improved,2,,chucky,0.2187
NLTP S18,Most Improved,3,,pk,0.1337
NLTP S18,Best Valued,1,,no name,0.2613
NLTP S18,Best Valued,2,,i am zeus.,0.1763
NLTP S18,Best Valued,3,,Aunt Jemima,0.1108
NLTP S18,Best Offense Pair,1,,mac,0.2410
NLTP S18,Best Offense Pair,1,,no name,0.2410
NLTP S18,Best Offense Pair,2,,Prizm,0.2039
NLTP S18,Best Offense Pair,2,,2P1S,0.2039
NLTP S18,Best Offense Pair,3,,Raccoon,0.1841
NLTP S18,Best Offense Pair,3,,Galvatron,0.1841
NLTP S18,Best Defense Pair,1,,Raven,0.2218
NLTP S18,Best Defense Pair,1,,B.I.G.money,0.2218
NLTP S18,Best Defense Pair,2,,AnthonyDavis,0.2004
NLTP S18,Best Defense Pair,2,,wassa,0.2004
NLTP S18,Best Defense Pair,3,,TheBob18,0.1921
NLTP S18,Best Defense Pair,3,,superdiglett,0.1921
NLTP S18,FU GASP,1,,IfYouSeekAmy,0.2669
NLTP S18,FU GASP,2,,Crowman,0.1136
NLTP S18,FU GASP,3,,inthesomeday,0.1093
NLTP S18,Position Change,1,,Activ.,0.3387
NLTP S18,Position Change,2,,Prizm,0.2447
NLTP S18,Position Change,3,,D Rek,0.1797
NLTP S18,Best Captain,1,,chucky,0.2784
NLTP S18,Best Captain,2,,Prizm,0.1570
NLTP S18,Best Captain,3,,Sir Cle Jerk,0.1011
NLTP S18,Best Co-Captain,1,,might dino,0.2396
NLTP S18,Best Co-Captain,2,,Activ.,0.1758
NLTP S18,Best Co-Captain,3,,asap,0.1436
NLTP S18,Most Cohesive Unit,1,The Dark Side of the Ball,,0.2240
NLTP S18,Most Cohesive Unit,2,The Land Before Timers,,0.1381
NLTP S18,Most Cohesive Unit,3,Big Poppa and the Dinos,,0.1131
NLTP S18,Best Streamer,1,,BallAnka,0.1886
NLTP S18,Best Streamer,2,,TheBob18,0.1827
NLTP S18,Best Streamer,3,,grant,0.1657
NLTP S18,Heart Award,1,,victor messi,0.1421
NLTP S18,Heart Award,2,,DwarfFortres,0.1322
NLTP S18,Heart Award,3,,drewfa,0.1087
NLTP S18,Behind the Scenes,1,,The TagPro Lead,0.3055
NLTP S18,Behind the Scenes,2,,Activ.,0.2436
NLTP S18,Behind the Scenes,3,,Top 10 crew,0.1011
NLTP S18,All-Stars [Offense],1,,team,0.7760
NLTP S18,All-Stars [Offense],2,,mactheroni,0.7590
NLTP S18,All-Stars [Offense],3,,Galvatron,0.6210
NLTP S18,All-Stars [Offense],4,,Prizm,0.4830
NLTP S18,All-Stars [Offense],5,,ThePace,0.4660
NLTP S18,All-Stars [Offense],4,,sidewalk,0.4480
NLTP S18,All-Stars [Offense],5,,i am zeus.,0.3620
NLTP S18,All-Stars [Defense],1,,TheBob18,0.6670
NLTP S18,All-Stars [Defense],2,,AnthonyDavis,0.6170
NLTP S18,All-Stars [Defense],3,,chucky,0.5830
NLTP S18,All-Stars [Defense],4,,Raven,0.5500
NLTP S18,All-Stars [Defense],5,,popsic,0.5000
NLTP S18,All-Stars [Defense],4,,360broscope,0.4330
NLTP S18,All-Stars [Defense],5,,superdiglett,0.3670
NLTP B S18,MVB,1,,titanblue,0.1798
NLTP B S18,MVB,2,,yppiks123,0.1044
NLTP B S18,MVB,3,,Frank,0.1018
NLTP B S18,Offensive Ball of the Season,1,,Potatochip,0.2371
NLTP B S18,Offensive Ball of the Season,2,,titanblue,0.1600
NLTP B S18,Offensive Ball of the Season,3,,kool aid,0.1238
NLTP B S18,Defensive Ball of the Season,1,,yppiks123,0.1666
NLTP B S18,Defensive Ball of the Season,2,,Alphachurro,0.1406
NLTP B S18,Defensive Ball of the Season,3,,i love HD,0.1294
NLTP B S18,Rookie of the Season,1,,Frank,0.2862
NLTP B S18,Rookie of the Season,2,,drewfa,0.1833
NLTP B S18,Rookie of the Season,3,,12384,0.1810
NLTP B S18,Offensive Team Ball,1,,adawg,0.3272
NLTP B S18,Offensive Team Ball,2,,Funky Spud,0.1942
NLTP B S18,Offensive Team Ball,3,,Snekster,0.1470
NLTP B S18,Defensive Team Ball,1,,Gram,0.2899
NLTP B S18,Defensive Team Ball,2,,Carys,0.2263
NLTP B S18,Defensive Team Ball,3,,Prime,0.1373
NLTP B S18,Well Rounded,1,,Frank,0.1053
NLTP B S18,Well Rounded,2,,Pro Boat,0.0976
NLTP B S18,Well Rounded,3,,Rick G. #853,0.0858
NLTP B S18,Most Improved,1,,yppiks123,0.2025
NLTP B S18,Most Improved,2,,victor messi,0.1842
NLTP B S18,Most Improved,3,,Pro Boat,0.1385
NLTP B S18,Best Valued,1,,yppiks123,0.1879
NLTP B S18,Best Valued,2,,12384,0.1484
NLTP B S18,Best Valued,3,,sweatypete,0.0859
NLTP B S18,Position Change,1,,WRIG,0.2196
NLTP B S18,Position Change,2,,Dr. Ankles,0.2136
NLTP B S18,Position Change,3,,Flaccid Trip,0.1362
NLTP B S18,Best Offense Pair,1,,kool aid,0.2499
NLTP B S18,Best Offense Pair,1,,titanblue,0.2499
NLTP B S18,Best Offense Pair,1,,sweatypete,0.2499
NLTP B S18,Best Offense Pair,1,,N4,0.2499
NLTP B S18,Best Offense Pair,1,,slippy toad,0.2499
NLTP B S18,Best Offense Pair,2,,Potatochip,0.2013
NLTP B S18,Best Offense Pair,2,,stevepotato,0.2013
NLTP B S18,Best Offense Pair,2,,victor messi,0.2013
NLTP B S18,Best Offense Pair,3,,Tinderfella,0.1666
NLTP B S18,Best Offense Pair,3,,Karasu,0.1666
NLTP B S18,Best Offense Pair,3,,garet,0.1666
NLTP B S18,Best Defense Pair,1,,Alphachurro,0.2047
NLTP B S18,Best Defense Pair,1,,Gram,0.2047
NLTP B S18,Best Defense Pair,1,,Some Ball 12,0.2047
NLTP B S18,Best Defense Pair,2,,yppiks123,0.1419
NLTP B S18,Best Defense Pair,2,,Dr.Ankles,0.1419
NLTP B S18,Best Defense Pair,2,,j24gordon,0.1419
NLTP B S18,Best Defense Pair,3,,Trituin,0.1202
NLTP B S18,Best Defense Pair,3,,42,0.1202
NLTP B S18,Best Defense Pair,3,,Tumblewood,0.1202
NLTP B S18,Best Defense Pair,3,,Paps,0.1202
NLTP B S18,FU GASP,1,,42,0.1609
NLTP B S18,FU GASP,2,,Sir Cle Jerk,0.1246
NLTP B S18,FU GASP,3,,LogisticMap,0.0897
NLTP B S18,Most Cohesive Unit,1,Over the Pants Handoffs,,0.2178
NLTP B S18,Most Cohesive Unit,2,The Land Before Timers,,0.2108
NLTP B S18,Most Cohesive Unit,3,The Manipulation Station,,0.1006
NLTP B S18,All-Stars [Offense],1,,Potatochip,0.6580
NLTP B S18,All-Stars [Offense],2,,titanblue,0.5890
NLTP B S18,All-Stars [Offense],3,,slobonmyknob,0.5340
NLTP B S18,All-Stars [Offense],4,,Rick G. #853,0.4660
NLTP B S18,All-Stars [Offense],5,,kool aid,0.4380
NLTP B S18,All-Stars [Offense],4,,kl,0.3560
NLTP B S18,All-Stars [Offense],5,,WRIG,0.3150
NLTP B S18,All-Stars [Defense],1,,yppiks123,0.6530
NLTP B S18,All-Stars [Defense],2,,Pro Boat,0.5830
NLTP B S18,All-Stars [Defense],3,,Alphachurro,0.5690
NLTP B S18,All-Stars [Defense],4,,i love HD,0.5140
NLTP B S18,All-Stars [Defense],5,,Frank,0.5000
NLTP B S18,All-Stars [Defense],4,,Trituin,0.4440
NLTP B S18,All-Stars [Defense],5,,llamatron,0.3330
MLTP S19,MVB,1,RKT,Doris,0.3498
MLTP S19,MVB,2,FBD,TomatoFarmer,0.2043
MLTP S19,MVB,3,CDC,Djinni,0.1176
MLTP S19,Offensive Ball of the Season,1,FBD,Bitch,0.2972
MLTP S19,Offensive Ball of the Season,2,RKT,Messi,0.2322
MLTP S19,Offensive Ball of the Season,3,CDC,Djinni,0.1672
MLTP S19,Defensive Ball of the Season,1,FBD,TomatoFarmer,0.3571
MLTP S19,Defensive Ball of the Season,2,RKT,Doris,0.3304
MLTP S19,Defensive Ball of the Season,3,AC,ARMBRANCH,0.0744
MLTP S19,Offensive Rookie of the Season,1,RKT,Messi,0.5358
MLTP S19,Offensive Rookie of the Season,2,CDC,glob.,0.2897
MLTP S19,Offensive Rookie of the Season,3,AC,BALLANKA,0.1745
MLTP S19,Defensive Rookie of the Season,1,FBD,Gryff,0.3969
MLTP S19,Defensive Rookie of the Season,2,TEF,Pandora,0.2185
MLTP S19,Defensive Rookie of the Season,3,AC,CHEEZEDOODLE,0.2000
MLTP S19,5th Ball,1,RKT,OD GOD,0.3759
MLTP S19,5th Ball,2,VIL,FK,0.1621
MLTP S19,5th Ball,3,VIL,DragonBeast,0.1483
MLTP S19,Well Rounded,1,CCB,aardvark,0.2188
MLTP S19,Well Rounded,2,RKT,Doris,0.2006
MLTP S19,Well Rounded,3,DNO,RacgiMan,0.1398
MLTP S19,Most Improved,1,RKT,Messi,0.2400
MLTP S19,Most Improved,2,FBD,Gryff,0.1969
MLTP S19,Most Improved,3,FBD,Bitch,0.1477
MLTP S19,Best Valued,1,FBD,Gryff,0.2900
MLTP S19,Best Valued,2,RKT,Messi,0.2779
MLTP S19,Best Valued,3,FBD,Bitch,0.1964
MLTP S19,Best Offense Pair,1,FBD,Bitch,0.3419
MLTP S19,Best Offense Pair,1,FBD,Cheetosrule,0.3419
MLTP S19,Best Offense Pair,2,RKT,EGGO,0.1548
MLTP S19,Best Offense Pair,2,RKT,Messi,0.1548
MLTP S19,Best Offense Pair,3,CCB,Destar,0.1419
MLTP S19,Best Offense Pair,3,CCB,aardvark,0.1419
MLTP S19,Best Defense Pair,1,RKT,Doris,0.3205
MLTP S19,Best Defense Pair,1,RKT,Curry,0.3205
MLTP S19,Best Defense Pair,2,FBD,TomatoFarmer,0.3045
MLTP S19,Best Defense Pair,2,FBD,Gryff,0.3045
MLTP S19,Best Defense Pair,3,TEF,Epiphany,0.0897
MLTP S19,Best Defense Pair,3,TEF,Pandora,0.0897
MLTP S19,FU GASP,1,CCB,Destar,0.2532
MLTP S19,FU GASP,2,RKT,Curry,0.2240
MLTP S19,FU GASP,3,TEF,Epiphany,0.1851
MLTP S19,Best Captain,1,RKT,Doris,0.2204
MLTP S19,Best Captain,2,FBD,Cheetosrule,0.1438
MLTP S19,Best Captain,3,CCB,Destar,0.1406
MLTP S19,Most Cohesive Unit,1,Rektiles,,0.2742
MLTP S19,Most Cohesive Unit,2,Fire Breathing Rubber Duckies,,0.2516
MLTP S19,Most Cohesive Unit,3,Capital City Bombers,,0.1774
MLTP S19,Best Streamer,1,MLTP,asdf,0.2662
MLTP S19,Best Streamer,2,MLTP,Flaccid Trip,0.2116
MLTP S19,Best Streamer,3,MLTP,TheBob18,0.1775
MLTP S19,Best Commentator,1,MLTP,asdf,0.2977
MLTP S19,Best Commentator,2,MLTP,gg!,0.1973
MLTP S19,Best Commentator,3,MLTP,Flaccid Trip,0.1070
MLTP S19,Behind the Scenes,1,CCB,Destar,0.1667
MLTP S19,Behind the Scenes,2,MLTP,bright,0.1085
MLTP S19,Behind the Scenes,3,DNO,Bamboozler,0.1047
MLTP S19,All-Stars [Offense],1,RKT,Messi,0.8260
MLTP S19,All-Stars [Offense],2,FBD,Bitch,0.7390
MLTP S19,All-Stars [Offense],3,CDC,Djinni,0.5870
MLTP S19,All-Stars [Offense],4,LBT,Ty,0.5820
MLTP S19,All-Stars [Offense],5,CCB,Destar,0.4350
MLTP S19,All-Stars [Defense],1,FBD,TomatoFarmer,0.8300
MLTP S19,All-Stars [Defense],2,RKT,Doris,0.8090
MLTP S19,All-Stars [Defense],3,RKT,Curry,0.4260
MLTP S19,All-Stars [Defense],4,AC,ARMBRANCH,0.4040
MLTP S19,All-Stars [Defense],5,TEF,Epiphany,0.3830
mLTP S19,MVB,1,PRE,tits,0.2886
mLTP S19,MVB,2,DNO,a$ap.,0.2148
mLTP S19,MVB,3,LBM,McBooty,0.1443
mLTP S19,Offensive Ball of the Season,1,LBM,McBooty,0.2337
mLTP S19,Offensive Ball of the Season,2,PRE,BaIl-e,0.2096
mLTP S19,Offensive Ball of the Season,3,DNO,a$ap.,0.1787
mLTP S19,Defensive Ball of the Season,1,PRE,tits,0.2897
mLTP S19,Defensive Ball of the Season,2,AC,CHEEZEDOODLE,0.2034
mLTP S19,Defensive Ball of the Season,3,SC,SNOWBALL,0.1379
mLTP S19,Offensive Rookie of the Season,1,DOR,Ball-erina,0.4164
mLTP S19,Offensive Rookie of the Season,2,LBM,McBooty,0.3309
mLTP S19,Offensive Rookie of the Season,3,FBM,snaxolotl,0.2528
mLTP S19,Defensive Rookie of the Season,1,AC,Cheezedoodle,0.3203
mLTP S19,Defensive Rookie of the Season,2,DNO,homar,0.2776
mLTP S19,Defensive Rookie of the Season,3,LBM,Cognito,0.2135
mLTP S19,5th Ball,1,VIL,FK,0.2192
mLTP S19,5th Ball,2,MLTP,titanblue,0.2077
mLTP S19,5th Ball,3,VIL,DAD.,0.1731
mLTP S19,Well Rounded,1,DNO,Gargantua,0.2007
mLTP S19,Well Rounded,2,DNO,a$ap.,0.1701
mLTP S19,Well Rounded,3,DNO,Juke of Yore,0.1667
mLTP S19,Most Improved,1,DOR,Ball-erina,0.3134
mLTP S19,Most Improved,2,PRE,sass,0.2746
mLTP S19,Most Improved,3,LBM,Darth,0.1620
mLTP S19,Best Valued,1,PRE,MURDER MAN,0.2150
mLTP S19,Best Valued,2,AC,Cheezedoodle,0.2082
mLTP S19,Best Valued,3,PRE,sass,0.1911
mLTP S19,Best Offense Pair,1,PRE,BaIl-e,0.2967
mLTP S19,Best Offense Pair,1,PRE,MURDER MAN,0.2967
mLTP S19,Best Offense Pair,2,DNO,a$ap.,0.2381
mLTP S19,Best Offense Pair,2,DNO,Gargantua,0.2381
mLTP S19,Best Offense Pair,3,LBM,McBooty,0.2234
mLTP S19,Best Offense Pair,3,LBM,might dino,0.2234
mLTP S19,Best Defense Pair,1,SC,SNOWBALL,0.2888
mLTP S19,Best Defense Pair,1,SC,CHEEZEDOODLE,0.2888
mLTP S19,Best Defense Pair,2,PRE,tits,0.2274
mLTP S19,Best Defense Pair,2,PRE,sass,0.2274
mLTP S19,Best Defense Pair,3,DNO,stevepotato,0.1516
mLTP S19,Best Defense Pair,3,DNO,Juke of Yore,0.1516
mLTP S19,Best Defense Pair,3,DNO,homar,0.1516
mLTP S19,FU GASP,1,DOR,Ball-erina,0.2179
mLTP S19,FU GASP,2,AC,IFYOUSEEKAMY,0.1857
mLTP S19,FU GASP,3,PRE,MURDER MAN,0.1429
mLTP S19,Most Cohesive Unit,1,WCYDinos,,0.3178
mLTP S19,Most Cohesive Unit,2,Preventure Time,,0.3101
mLTP S19,Most Cohesive Unit,3,SMALL CAPS,,0.1395
mLTP S19,All-Stars [Offense],1,PRE,BaIl-e,0.7040
mLTP S19,All-Stars [Offense],2,DNO,a$ap.,0.5930
mLTP S19,All-Stars [Offense],3,PRE,MURDER MAN,0.5930
mLTP S19,All-Stars [Offense],4,LBM,McBooty,0.4810
mLTP S19,All-Stars [Offense],5,DOR,Ball-erina,0.4070
mLTP S19,All-Stars [Defense],1,PRE,tits,0.7410
mLTP S19,All-Stars [Defense],2,SC,CHEEZEDOODLE,0.7410
mLTP S19,All-Stars [Defense],3,SC,SNOWBALL,0.4810
mLTP S19,All-Stars [Defense],4,PRE,sass,0.4440
mLTP S19,All-Stars [Defense],5,FBM,King's Crown,0.3330
NLTP S19,MVB,1,NIP,Frank,0.2414
NLTP S19,MVB,2,GUY,2Nutz,0.2080
NLTP S19,MVB,3,DSB,Prizm,0.1643
NLTP S19,Offensive Ball of the Season,1,TAN,Sadness,0.3343
NLTP S19,Offensive Ball of the Season,2,NIP,CoolCat,0.1740
NLTP S19,Offensive Ball of the Season,3,CCC,Vader,0.1034
NLTP S19,Defensive Ball of the Season,1,TAN,yppiks123,0.2096
NLTP S19,Defensive Ball of the Season,2,NIP,Frank,0.1814
NLTP S19,Defensive Ball of the Season,3,GUY,2Nutz,0.1691
NLTP S19,Rookie of the Season,1,NIP,Frank,0.3814
NLTP S19,Rookie of the Season,2,TAN,yppiks123,0.2897
NLTP S19,Rookie of the Season,3,NIP,i love hd,0.2624
NLTP S19,Offensive Team Ball,1,BOH,Rick G. #853,0.3517
NLTP S19,Offensive Team Ball,2,,jimmybuckets,0.2176
NLTP S19,Offensive Team Ball,3,LBT,Tinderfella,0.1766
NLTP S19,Defensive Team Ball,1,POO,DwarfFortres,0.2640
NLTP S19,Defensive Team Ball,2,BOH,anduin,0.2322
NLTP S19,Defensive Team Ball,3,POO,Jerry.,0.2014
NLTP S19,Well Rounded,1,NIP,i love HD,0.2655
NLTP S19,Well Rounded,2,NIP,Frank,0.2629
NLTP S19,Well Rounded,3,GUY,2Nutz,0.1552
NLTP S19,Most Improved,1,NIP,i love HD,0.2386
NLTP S19,Most Improved,2,GUY,2Nutz,0.2182
NLTP S19,Most Improved,3,TAN,Sadness,0.2017
NLTP S19,Best Valued,1,NIP,Frank,0.3529
NLTP S19,Best Valued,2,GUY,2Nutz,0.2436
NLTP S19,Best Valued,3,OLD,saskatchewan,0.2067
NLTP S19,Best Offense Pair,1,,Sadness,0.4632
NLTP S19,Best Offense Pair,1,,Coos,0.4632
NLTP S19,Best Offense Pair,2,,CoolCat,0.3907
NLTP S19,Best Offense Pair,2,,wassa,0.3907
NLTP S19,Best Offense Pair,3,,no name,0.1461
NLTP S19,Best Offense Pair,3,,D Rek,0.1461
NLTP S19,Best Defense Pair,1,,Frank,0.4335
NLTP S19,Best Defense Pair,1,,i love HD,0.4335
NLTP S19,Best Defense Pair,2,,prizm,0.1982
NLTP S19,Best Defense Pair,2,,llamatron,0.1982
NLTP S19,Best Defense Pair,3,,2Nutz,0.1905
NLTP S19,Best Defense Pair,3,,Gram Parsons,0.1905
NLTP S19,FU GASP,1,OLD,IfYouSeekAmy,0.3422
NLTP S19,FU GASP,2,GUY,Gram Parsons,0.1859
NLTP S19,FU GASP,3,GUY,OD GOD,0.1746
NLTP S19,Position Change,1,GUY,2Nutz,0.4217
NLTP S19,Position Change,2,NIP,wassa,0.2788
NLTP S19,Position Change,3,TAN,coos :),0.2657
NLTP S19,Best Captain,1,,Dusk,0.3961
NLTP S19,Best Captain,2,,coos,0.2886
NLTP S19,Best Captain,3,GUY,Gram Parsons,0.2042
NLTP S19,Best Co-Captain,1,NIP,i love HD,0.4260
NLTP S19,Best Co-Captain,2,,Anze,0.2147
NLTP S19,Best Co-Captain,3,,inthesomeday/flaccid trip,0.1792
NLTP S19,Most Cohesive Unit,1,The Manipulation Station,,0.4229
NLTP S19,Most Cohesive Unit,2,Dark Side of the Ball,,0.1701
NLTP S19,Most Cohesive Unit,3,Big Poppa Goes to Olive Jardim,,0.1468
NLTP S19,Best Streamer,1,,Balled Eagle,0.3269
NLTP S19,Best Streamer,2,CCC,Hjalpa,0.2226
NLTP S19,Best Streamer,3,OLD,TheBob18,0.1411
NLTP S19,Heart Award,1,POO,Victor Messi,0.1875
NLTP S19,Heart Award,2,OLD,KahnMan,0.1465
NLTP S19,Heart Award,3,CCC,Hjalpa,0.1125
NLTP S19,Behind the Scenes,1,ABO,Activ.,0.3204
NLTP S19,Behind the Scenes,2,,spike and spike,0.2752
NLTP S19,Behind the Scenes,3,CCC,Hjalpa,0.1667
NLTP S19,All-Stars [Offense],1,,Sadness,0.8680
NLTP S19,All-Stars [Offense],2,,CoolCat,0.7890
NLTP S19,All-Stars [Offense],3,,Vader,0.6580
NLTP S19,All-Stars [Offense],4,,coos,0.6320
NLTP S19,All-Stars [Offense],5,,wassa,0.5260
NLTP S19,All-Stars [Offense],4,,no name,0.4840
NLTP S19,All-Stars [Offense],5,,ScrubJay,0.4210
NLTP S19,All-Stars [Defense],1,,Frank,0.7890
NLTP S19,All-Stars [Defense],2,,i love HD,0.7890
NLTP S19,All-Stars [Defense],3,,2Nutz,0.7630
NLTP S19,All-Stars [Defense],4,,Prizm,0.7370
NLTP S19,All-Stars [Defense],5,,yppiks123,0.6840
NLTP S19,All-Stars [Defense],4,,TheBob18,0.6580
NLTP S19,All-Stars [Defense],5,,Gram Parsons,0.3680
NLTP B S19,MVB,1,GUY,jig,0.1959
NLTP B S19,MVB,2,POO,BoldRoller,0.1077
NLTP B S19,MVB,3,OLD,bergieberg,0.0889
NLTP B S19,Offensive Ball of the Season,1,GUY,jig,0.2780
NLTP B S19,Offensive Ball of the Season,2,NIP,OuchMyBalls,0.1257
NLTP B S19,Offensive Ball of the Season,3,POO,BoldRoller,0.1224
NLTP B S19,Defensive Ball of the Season,1,GUY,razgriz,0.1697
NLTP B S19,Defensive Ball of the Season,2,MB8,Enthymeme,0.1514
NLTP B S19,Defensive Ball of the Season,3,NIP,slime_god,0.1447
NLTP B S19,Rookie of the Season,1,GUY,jig,0.3425
NLTP B S19,Rookie of the Season,2,GUY,King~Zion,0.1356
NLTP B S19,Rookie of the Season,3,NIP,OuchMyBalls,0.1252
NLTP B S19,Offensive Team Ball,1,BOH,Rick G. #853,0.3057
NLTP B S19,Offensive Team Ball,2,GUY,Pavement,0.1976
NLTP B S19,Offensive Team Ball,3,NIP,Jelly Rat,0.1891
NLTP B S19,Defensive Team Ball,1,OLD,KahnMan,0.2196
NLTP B S19,Defensive Team Ball,2,GUY,icePlatypus,0.1666
NLTP B S19,Defensive Team Ball,3,CCC,Mueller Time,0.1615
NLTP B S19,Well Rounded,1,GUY,jig,0.1928
NLTP B S19,Well Rounded,2,LBT,BertAndBort,0.1161
NLTP B S19,Well Rounded,3,BOH,Acuraun,0.1128
NLTP B S19,Most Improved,1,GUY,poodle,0.1702
NLTP B S19,Most Improved,2,LBT,BertAndBort,0.1678
NLTP B S19,Most Improved,3,NIP,slime_god,0.1645
NLTP B S19,Best Valued,1,GUY,jig,0.2115
NLTP B S19,Best Valued,2,BOH,acuraun,0.1151
NLTP B S19,Best Valued,3,POO,BoldRoller,0.1147
NLTP B S19,Position Change,1,CCC,Kooler,0.2948
NLTP B S19,Position Change,2,GUY,razgriz,0.2939
NLTP B S19,Position Change,3,GUY,poodle,0.2366
NLTP B S19,Best Offense Pair,1,,jig,0.2374
NLTP B S19,Best Offense Pair,1,,randy,0.2374
NLTP B S19,Best Offense Pair,1,,king~zion,0.2374
NLTP B S19,Best Offense Pair,2,,Rick G. #853,0.2019
NLTP B S19,Best Offense Pair,2,,yung breezy,0.2019
NLTP B S19,Best Offense Pair,2,,Tony Clifton,0.2019
NLTP B S19,Best Offense Pair,2,,Gillyball,0.2019
NLTP B S19,Best Offense Pair,3,,OuchMyBalls,0.2001
NLTP B S19,Best Offense Pair,3,,JSwan,0.2001
NLTP B S19,Best Offense Pair,3,,Jelly Rat,0.2001
NLTP B S19,Best Offense Pair,3,,MavRonin,0.2001
NLTP B S19,Best Defense Pair,1,,lukemoo,0.2763
NLTP B S19,Best Defense Pair,1,,12384,0.2763
NLTP B S19,Best Defense Pair,1,,Acuraun,0.2763
NLTP B S19,Best Defense Pair,2,,"slimegod, soul read, lil mayo, Prime",0.2154
NLTP B S19,Best Defense Pair,3,,DwarfFortres,0.1960
NLTP B S19,Best Defense Pair,3,,Delsolar,0.1960
NLTP B S19,Best Defense Pair,3,,WheelinTimmy,0.1960
NLTP B S19,Best Defense Pair,3,,Astor,0.1960
NLTP B S19,FU GASP,1,POO,victor messi,0.2118
NLTP B S19,FU GASP,2,OLD,J24gordon,0.1816
NLTP B S19,FU GASP,3,GUY,poodle,0.1323
NLTP B S19,Most Cohesive Unit,1,The Manipulation Station,,0.2151
NLTP B S19,Most Cohesive Unit,2,Poost Office,,0.1775
NLTP B S19,Most Cohesive Unit,3,The Land Before Timers,,0.1314
NLTP B S19,All-Stars [Offense],1,,jig,0.6820
NLTP B S19,All-Stars [Offense],2,,BoldRoller,0.5910
NLTP B S19,All-Stars [Offense],3,,OuchMyBalls,0.5680
NLTP B S19,All-Stars [Offense],4,,based ball,0.5450
NLTP B S19,All-Stars [Offense],5,,EphewSeakay,0.5000
NLTP B S19,All-Stars [Offense],4,,D4NK_JUK3R,0.4090
NLTP B S19,All-Stars [Offense],5,,drewfa,0.3860
NLTP B S19,All-Stars [Defense],1,,Enthymeme,0.6360
NLTP B S19,All-Stars [Defense],2,,slime_god,0.6140
NLTP B S19,All-Stars [Defense],3,,razgriz,0.5910
NLTP B S19,All-Stars [Defense],4,,clew3,0.5680
NLTP B S19,All-Stars [Defense],5,,DwarfFortres,0.5000
NLTP B S19,All-Stars [Defense],4,,lukemoo,0.4090
NLTP B S19,All-Stars [Defense],5,,poodle,0.3410
MLTP S20,MVB,1,,bright,0.4372
MLTP S20,MVB,2,,Cheetosrule,0.1558
MLTP S20,MVB,3,,badger,0.1255
MLTP S20,Offensive Ball of the Season,1,,bright,0.4310
MLTP S20,Offensive Ball of the Season,2,,GOOBR,0.1509
MLTP S20,Offensive Ball of the Season,3,,Matetricks,0.1034
MLTP S20,Defensive Ball of the Season,1,,Cheetosrule,0.2445
MLTP S20,Defensive Ball of the Season,2,,badger,0.2445
MLTP S20,Defensive Ball of the Season,3,,BALLDON'TLIE,0.1572
MLTP S20,Defensive Rookie of the Season,1,,grumpy,0.5591
MLTP S20,Defensive Rookie of the Season,2,,sass,0.4409
MLTP S20,5th Ball,1,,#SelfySyntax,0.3535
MLTP S20,5th Ball,2,,Ball-erina,0.3081
MLTP S20,5th Ball,3,,waterwheel,0.1162
MLTP S20,Well Rounded,1,,badger,0.3151
MLTP S20,Well Rounded,2,,bright,0.1507
MLTP S20,Well Rounded,3,,Cheetosrule,0.1233
MLTP S20,Most Improved,1,,Tantrew,0.3349
MLTP S20,Most Improved,2,,Cheetosrule,0.2775
MLTP S20,Most Improved,3,,aardvark,0.2249
MLTP S20,Best Valued,1,,DragonBeast,0.2419
MLTP S20,Best Valued,2,,Pandora,0.1767
MLTP S20,Best Valued,3,,yiss,0.1674
MLTP S20,Best Offense Pair,1,,bright,0.3744
MLTP S20,Best Offense Pair,1,,aardvark,0.3744
MLTP S20,Best Offense Pair,2,,GOOBR,0.2100
MLTP S20,Best Offense Pair,2,,Tantrew,0.2100
MLTP S20,Best Offense Pair,3,,TY,0.1963
MLTP S20,Best Offense Pair,3,,DT,0.1963
MLTP S20,Best Defense Pair,1,,Cheetosrule,0.3114
MLTP S20,Best Defense Pair,1,,Curry,0.3114
MLTP S20,Best Defense Pair,2,,Epiphany,0.2325
MLTP S20,Best Defense Pair,2,,badger,0.2325
MLTP S20,Best Defense Pair,3,,Wanye,0.1842
MLTP S20,Best Defense Pair,3,,Pandora,0.1842
MLTP S20,FU GASP,1,,Nice Person,0.2838
MLTP S20,FU GASP,2,,Wanye,0.2387
MLTP S20,FU GASP,3,,Epiphany,0.1892
MLTP S20,Best Captain,1,,bright,0.3244
MLTP S20,Best Captain,2,,Cheetosrule,0.1956
MLTP S20,Best Captain,3,,badger,0.1244
MLTP S20,Most Cohesive Unit,1,The Holy Seehawks,,0.3022
MLTP S20,Most Cohesive Unit,2,Fire Breathing Rubber Duckies,,0.2400
MLTP S20,Most Cohesive Unit,3,ALL CAPS,,0.1733
MLTP S20,Best Streamer,1,,asdf,0.4842
MLTP S20,Best Streamer,2,,FLY,0.2353
MLTP S20,Best Streamer,3,,kooler,0.1493
MLTP S20,Best Commentator,1,,asdf,0.4861
MLTP S20,Best Commentator,2,,Jeremy Jamm,0.1806
MLTP S20,Best Commentator,3,,FLY,0.1667
MLTP S20,Behind the Scenes,1,,Jeremy Jamm,0.5139
MLTP S20,Behind the Scenes,2,,Bamboozler,0.1574
MLTP S20,Behind the Scenes,3,,MagikPigeon,0.1157
MLTP S20,All-Stars [Offense],1,,bright,0.9380
MLTP S20,All-Stars [Offense],2,,GOOBR,0.8440
MLTP S20,All-Stars [Offense],3,,Matetricks,0.6880
MLTP S20,All-Stars [Offense],4,,gg!,0.5630
MLTP S20,All-Stars [Offense],5,,DragonBeast,0.4000
MLTP S20,All-Stars [Defense],1,,Cheetosrule,0.7190
MLTP S20,All-Stars [Defense],2,,Doris,0.6875
MLTP S20,All-Stars [Defense],3,,badger,0.6560
MLTP S20,All-Stars [Defense],4,,Curry,0.6560
MLTP S20,All-Stars [Defense],5,,BALLDON'TLIE,0.5630
mLTP S20,MVB,1,,Suchit,0.2518
mLTP S20,MVB,2,,Frozen,0.2447
mLTP S20,MVB,3,,Ball-erina,0.1241
mLTP S20,Offensive Ball of the Season,1,,Ball-erina,0.2852
mLTP S20,Offensive Ball of the Season,2,,Frozen,0.1630
mLTP S20,Offensive Ball of the Season,3,,#SelfySyntax,0.1407
mLTP S20,Defensive Ball of the Season,1,,Suchit,0.2960
mLTP S20,Defensive Ball of the Season,2,,black orchid,0.1625
mLTP S20,Defensive Ball of the Season,3,,grumpy,0.1336
mLTP S20,Offensive Rookie of the Season,1,,First,1.0000
mLTP S20,5th Ball,1,,First,0.2636
mLTP S20,5th Ball,2,,BallsToYou.,0.2093
mLTP S20,5th Ball,3,,777z,0.1744
mLTP S20,Well Rounded,1,,Suchit,0.2918
mLTP S20,Well Rounded,2,,Frozen,0.2064
mLTP S20,Well Rounded,3,,asap,0.1068
mLTP S20,Most Improved,1,,Ball-erina,0.4745
mLTP S20,Most Improved,2,,black orchid,0.3216
mLTP S20,Most Improved,3,,FLY,0.2039
mLTP S20,Best Valued,1,,black orchid,0.3588
mLTP S20,Best Valued,2,,asap,0.2824
mLTP S20,Best Valued,3,,Raspberry,0.1794
mLTP S20,Best Offense Pair,1,,raymond53,0.2093
mLTP S20,Best Offense Pair,1,,Messi,0.2093
mLTP S20,Best Offense Pair,2,,Frozen,0.1860
mLTP S20,Best Offense Pair,2,,First,0.1860
mLTP S20,Best Offense Pair,3,,#SelfySyntax,0.1860
mLTP S20,Best Offense Pair,3,,ref,0.1860
mLTP S20,Best Defense Pair,1,,Suchit,0.2632
mLTP S20,Best Defense Pair,1,,Raspberry,0.2632
mLTP S20,Best Defense Pair,2,,alchemist,0.1692
mLTP S20,Best Defense Pair,2,,777z,0.1692
mLTP S20,Best Defense Pair,3,,grumpy,0.1391
mLTP S20,Best Defense Pair,3,,El Sacko,0.1391
mLTP S20,FU GASP,1,,raymond53,0.2134
mLTP S20,FU GASP,2,,First,0.1757
mLTP S20,FU GASP,3,,Messi,0.1715
mLTP S20,Most Cohesive Unit,1,D-Spikeaball Me,,0.3064
mLTP S20,Most Cohesive Unit,2,The Ball Boys,,0.1702
mLTP S20,Most Cohesive Unit,3,Teenage Mutant Ninja Turtlers,,0.1319
mLTP S20,Best Captain,1,,Raspberry,0.1613
mLTP S20,Best Captain,2,,Ball-erina,0.1371
mLTP S20,Best Captain,3,,omar,0.1331
mLTP S20,All-Stars [Offense],1,,Ball-erina,0.8950
mLTP S20,All-Stars [Offense],2,,Frozen,0.7630
mLTP S20,All-Stars [Offense],3,,#SelfySyntax,0.6320
mLTP S20,All-Stars [Offense],4,,spacetiger,0.5260
mLTP S20,All-Stars [Offense],5,,raymond53,0.3950
mLTP S20,All-Stars [Defense],1,,Suchit,0.6670
mLTP S20,All-Stars [Defense],2,,black orchid,0.6150
mLTP S20,All-Stars [Defense],3,,grumpy,0.5640
mLTP S20,All-Stars [Defense],4,,alchemist,0.5640
mLTP S20,All-Stars [Defense],5,,asap,0.5130
NLTP S20,MVB,1,NIP,jig,0.2387
NLTP S20,MVB,2,WTP,Homie,0.2290
NLTP S20,MVB,3,WTP,yea,0.1153
NLTP S20,Offensive Ball of the Season,1,WTP,yea,0.2413
NLTP S20,Offensive Ball of the Season,2,NIP,jig,0.1991
NLTP S20,Offensive Ball of the Season,3,BAP,OuchMyBalls,0.1578
NLTP S20,Defensive Ball of the Season,1,WTP,Homie,0.3242
NLTP S20,Defensive Ball of the Season,2,INC,sonder,0.1124
NLTP S20,Defensive Ball of the Season,3,BAP,yawn,0.1036
NLTP S20,Rookie of the Season,1,NIP,jig,0.2864
NLTP S20,Rookie of the Season,2,BAP,ouchmyballs,0.1803
NLTP S20,Rookie of the Season,3,BAP,yawn,0.1256
NLTP S20,Offensive Team Ball,1,BOH,Prime,0.5380
NLTP S20,Offensive Team Ball,2,GES,yung breezy,0.4620
NLTP S20,Defensive Team Ball,1,BOH,87,0.5138
NLTP S20,Defensive Team Ball,2,LST,clew3,0.4862
NLTP S20,Well Rounded,1,NIP,jig,0.2100
NLTP S20,Well Rounded,2,LST,anduin,0.1663
NLTP S20,Well Rounded,3,WTP,WRIG,0.1388
NLTP S20,Most Improved,1,WTP,WRIG,0.3616
NLTP S20,Most Improved,2,WTP,Sir Cle Jerk,0.3593
NLTP S20,Most Improved,3,CYC,Irony,0.2791
NLTP S20,Best Valued,1,MB8,kool aid,0.1938
NLTP S20,Best Valued,2,WTP,Sir Cle Jerk,0.1234
NLTP S20,Best Valued,3,NIP,slime_god,0.1198
NLTP S20,Best Offense Pair,1,,OuchMyBalls,0.2269
NLTP S20,Best Offense Pair,1,,D4NK_JUK3R,0.2269
NLTP S20,Best Offense Pair,2,,yea,0.2206
NLTP S20,Best Offense Pair,2,,Sir Cle Jerk,0.2206
NLTP S20,Best Offense Pair,3,,jig,0.1855
NLTP S20,Best Offense Pair,3,,Cobra,0.1855
NLTP S20,Best Defense Pair,1,,Homie,0.2669
NLTP S20,Best Defense Pair,1,,WRIG,0.2669
NLTP S20,Best Defense Pair,2,,yawn,0.1873
NLTP S20,Best Defense Pair,2,,Enthymeme,0.1873
NLTP S20,Best Defense Pair,3,,sonder,0.1699
NLTP S20,Best Defense Pair,3,,Maradona,0.1699
NLTP S20,FU GASP,1,WTP,WRIG,0.1702
NLTP S20,FU GASP,2,MIA,Jerry.,0.1690
NLTP S20,FU GASP,3,CYC,Helen Keller,0.1525
NLTP S20,Position Change,1,CYC,Irony,0.2647
NLTP S20,Position Change,2,NIP,Cobra,0.2550
NLTP S20,Position Change,3,CYC,Helen Keller,0.1954
NLTP S20,Best Captain,1,,Dusk,0.2246
NLTP S20,Best Captain,2,,iSuck,0.1451
NLTP S20,Best Captain,3,,Sadness,0.1426
NLTP S20,Best Co-Captain,1,,i love hd,0.2366
NLTP S20,Best Co-Captain,2,WTP,Homie,0.2077
NLTP S20,Best Co-Captain,3,,alchemist,0.1745
NLTP S20,Most Cohesive Unit,1,Weed the People,,0.2434
NLTP S20,Most Cohesive Unit,2,Manipulation Station,,0.2193
NLTP S20,Most Cohesive Unit,3,Bust a Pup,,0.1791
NLTP S20,Best Streamer,1,,Hjalpa,0.3201
NLTP S20,Best Streamer,2,,Balled Eagle,0.2973
NLTP S20,Best Streamer,3,,gryff,0.1082
NLTP S20,Heart Award,1,,iceplatypus,0.1999
NLTP S20,Heart Award,2,WTP,slobonmyknob,0.1865
NLTP S20,Heart Award,3,NIP,victor messi,0.1366
NLTP S20,Behind the Scenes,1,,Spike/Spike,0.2183
NLTP S20,Behind the Scenes,2,WTP,slobonmyknob,0.1946
NLTP S20,Behind the Scenes,3,,Activ.,0.1495
NLTP S20,All-Stars [Offense],1,,jig,0.7140
NLTP S20,All-Stars [Offense],2,,yea,0.6330
NLTP S20,All-Stars [Offense],3,,OuchMyBalls,0.5920
NLTP S20,All-Stars [Offense],4,,D4NK_JUK3R,0.4900
NLTP S20,All-Stars [Offense],5,,kool aid,0.4900
NLTP S20,All-Stars [Defense],1,,Homie,0.8090
NLTP S20,All-Stars [Defense],2,,yawn,0.6380
NLTP S20,All-Stars [Defense],3,,sonder,0.5960
NLTP S20,All-Stars [Defense],4,,Enthymeme,0.5960
NLTP S20,All-Stars [Defense],5,,WRIG,0.4260
NLTP B S20,MVB,1,WTP,Niplepotamus,0.1587
NLTP B S20,MVB,2,BOH,Button,0.1367
NLTP B S20,MVB,3,MB8,T-Swift!,0.1035
NLTP B S20,Offensive Ball of the Season,1,WTP,AtomicStorm,0.1439
NLTP B S20,Offensive Ball of the Season,2,NIP,Victor messi,0.1219
NLTP B S20,Offensive Ball of the Season,3,MB8,T-Swift!,0.1134
NLTP B S20,Defensive Ball of the Season,1,BOH,KahnMan,0.1799
NLTP B S20,Defensive Ball of the Season,2,WTP,Niplepotamus,0.1481
NLTP B S20,Defensive Ball of the Season,3,NIP,lukemoo,0.1462
NLTP B S20,Rookie of the Season,1,MIA,GospelofJuke,0.1698
NLTP B S20,Rookie of the Season,2,CYC,Overkill,0.1573
NLTP B S20,Rookie of the Season,3,BOH,Omnivore,0.1445
NLTP B S20,Offensive Team Ball,1,BAP,RandyB0Bandy,1.0000
NLTP B S20,Defensive Team Ball,1,WTP,Ducky,0.4438
NLTP B S20,Defensive Team Ball,2,CYC,fanseman,0.3090
NLTP B S20,Defensive Team Ball,3,DTW,Corinth,0.2471
NLTP B S20,Well Rounded,1,MIA,J24gordon,0.1404
NLTP B S20,Well Rounded,2,MB8,im a goat,0.1388
NLTP B S20,Well Rounded,3,WTP,Niplepotamus,0.1372
NLTP B S20,Most Improved,1,BOH,KahnMan,0.3422
NLTP B S20,Most Improved,2,NIP,Victor messi,0.2193
NLTP B S20,Most Improved,3,MB8,Gleg,0.1907
NLTP B S20,Best Valued,1,WTP,AtomicStorm,0.1641
NLTP B S20,Best Valued,2,NIP,Victor messi,0.1236
NLTP B S20,Best Valued,3,DTW,Jelly Rat,0.1093
NLTP B S20,Position Change,1,MB8,Gleg,0.3465
NLTP B S20,Position Change,2,INC,Homer Jay,0.2891
NLTP B S20,Position Change,3,LST,Borgus,0.2148
NLTP B S20,Best Offense Pair,1,,Logi,0.1935
NLTP B S20,Best Offense Pair,1,,T-Swift,0.1935
NLTP B S20,Best Offense Pair,2,,Victor messi,0.1833
NLTP B S20,Best Offense Pair,2,,JSwan,0.1833
NLTP B S20,Best Offense Pair,2,,xyzes,0.1833
NLTP B S20,Best Offense Pair,3,,flaccid trip,0.1560
NLTP B S20,Best Offense Pair,3,,Jarek,0.1560
NLTP B S20,Best Offense Pair,3,,Borgus,0.1560
NLTP B S20,Best Defense Pair,1,,TheEpicBlob,0.2223
NLTP B S20,Best Defense Pair,1,,KahnMan,0.2223
NLTP B S20,Best Defense Pair,1,,bombsquad,0.2223
NLTP B S20,Best Defense Pair,2,,Kooler,0.1558
NLTP B S20,Best Defense Pair,2,,WheelinTimmy,0.1558
NLTP B S20,Best Defense Pair,2,,PenFifteen,0.1558
NLTP B S20,Best Defense Pair,2,,hellyea,0.1558
NLTP B S20,Best Defense Pair,3,,lukemoo,0.1480
NLTP B S20,Best Defense Pair,3,,sogeking,0.1480
NLTP B S20,Best Defense Pair,3,,FrodoBallins,0.1480
NLTP B S20,FU GASP,1,BAP,RandyB0Bandy,0.2329
NLTP B S20,FU GASP,2,CYC,bibo,0.1828
NLTP B S20,FU GASP,3,GES,hellyea,0.1767
NLTP B S20,Most Cohesive Unit,1,Manipulation Station,,0.2001
NLTP B S20,Most Cohesive Unit,2,Miami Ballphins,,0.1781
NLTP B S20,Most Cohesive Unit,3,Bohemian Cap City,,0.1704
NLTP B S20,All-Stars [Offense],1,,Victor messi,0.6730
NLTP B S20,All-Stars [Offense],2,,yung breezy,0.5380
NLTP B S20,All-Stars [Offense],3,,T-Swift!,0.5190
NLTP B S20,All-Stars [Offense],4,,Tinderfella,0.5000
NLTP B S20,All-Stars [Offense],5,,Button,0.5000
NLTP B S20,All-Stars [Offense],4,,flaccid trip,0.2690
NLTP B S20,All-Stars [Offense],5,,Jelly Rat,0.2500
NLTP B S20,All-Stars [Defense],1,,KahnMan,0.5960
NLTP B S20,All-Stars [Defense],2,,lukemoo,0.5960
NLTP B S20,All-Stars [Defense],3,,Niplepotamus,0.5190
NLTP B S20,All-Stars [Defense],4,,im a goat,0.5000
NLTP B S20,All-Stars [Defense],5,,TheEpicBlob,0.3650
NLTP B S20,All-Stars [Defense],4,,Mueller,0.3270
NLTP B S20,All-Stars [Defense],5,,llamatron,0.2880
MLTP S21,MVB,1,,meX,0.4048
MLTP S21,MVB,2,,Maru,0.1837
MLTP S21,MVB,3,,BALLDON'TLIE,0.0952
MLTP S21,Offensive Ball of the Season,1,,BALLDON'TLIE,0.2765
MLTP S21,Offensive Ball of the Season,2,,Maru,0.2014
MLTP S21,Offensive Ball of the Season,3,,protag,0.1638
MLTP S21,Defensive Ball of the Season,1,,meX,0.4381
MLTP S21,Defensive Ball of the Season,2,,Ty,0.1338
MLTP S21,Defensive Ball of the Season,3,,Frothy,0.1003
MLTP S21,Offensive Rookie of the Season,1,,Ball-erina,0.4632
MLTP S21,Offensive Rookie of the Season,2,,First,0.2842
MLTP S21,Offensive Rookie of the Season,3,,Fender,0.2526
MLTP S21,5th Ball,1,,Fender,0.2797
MLTP S21,5th Ball,2,,Suchit,0.2657
MLTP S21,5th Ball,3,,FLY,0.1888
MLTP S21,Well Rounded,1,,Ty,0.2153
MLTP S21,Well Rounded,2,,Mr. Hat,0.1840
MLTP S21,Well Rounded,3,,Djinni,0.1424
MLTP S21,Most Improved,1,,ez,0.3066
MLTP S21,Most Improved,2,,grumpy,0.1971
MLTP S21,Most Improved,3,,Djinni,0.1095
MLTP S21,Best Valued,1,,Frothy,0.3415
MLTP S21,Best Valued,2,,grumpy,0.2927
MLTP S21,Best Valued,3,,Gryff,0.1289
MLTP S21,Best Offense Pair,1,,Ball-erina,0.3158
MLTP S21,Best Offense Pair,1,,BALLDON'TLIE,0.3158
MLTP S21,Best Offense Pair,2,,pulpo,0.2456
MLTP S21,Best Offense Pair,2,,Maru,0.2456
MLTP S21,Best Offense Pair,3,,Sherra,0.1088
MLTP S21,Best Offense Pair,3,,GOOBR,0.1088
MLTP S21,Best Defense Pair,1,,Frothy,0.4433
MLTP S21,Best Defense Pair,1,,meX,0.4433
MLTP S21,Best Defense Pair,2,,Ty,0.2062
MLTP S21,Best Defense Pair,2,,grumpy,0.2062
MLTP S21,Best Defense Pair,3,,Djinni,0.0859
MLTP S21,Best Defense Pair,3,,Spjork,0.0859
MLTP S21,FU GASP,1,,Mr. Hat,0.2143
MLTP S21,FU GASP,2,,Maru,0.2000
MLTP S21,FU GASP,3,,intercest,0.1964
MLTP S21,Best Captain,1,,meX,0.3187
MLTP S21,Best Captain,2,,Lionel Messi,0.1612
MLTP S21,Best Captain,3,,Curry,0.1502
MLTP S21,Most Cohesive Unit,1,A Blockwork Orange,,0.4073
MLTP S21,Most Cohesive Unit,2,Ranked Thugs,,0.2618
MLTP S21,Most Cohesive Unit,3,877CAPSNOW,,0.1127
MLTP S21,Best Streamer,1,,Abe Lincoln,0.3382
MLTP S21,Best Streamer,2,,bright,0.2206
MLTP S21,Best Streamer,3,,FLY,0.1287
MLTP S21,Best Commentator,1,,Abe Lincoln,0.2759
MLTP S21,Best Commentator,2,,bright,0.1801
MLTP S21,Best Commentator,3,,Jeremy Jamm,0.1456
MLTP S21,Behind the Scenes,1,,Jeremy Jamm,0.2924
MLTP S21,Behind the Scenes,2,,Bamboozler,0.2708
MLTP S21,Behind the Scenes,3,,FLY,0.1661
MLTP S21,All-Stars [Offense],1,,BALLDON'TLIE,0.8330
MLTP S21,All-Stars [Offense],2,,Maru,0.6900
MLTP S21,All-Stars [Offense],3,,Ball-erina,0.6430
MLTP S21,All-Stars [Offense],4,,gg!,0.5240
MLTP S21,All-Stars [Offense],5,,protag,0.4760
MLTP S21,All-Stars [Defense],1,,meX,0.9020
MLTP S21,All-Stars [Defense],2,,Frothy,0.7070
MLTP S21,All-Stars [Defense],3,,Ty,0.6830
MLTP S21,All-Stars [Defense],4,,Djinni,0.4150
MLTP S21,All-Stars [Defense],5,,Wanye,0.3410
mLTP S21,MVB,1,,Fender,0.2300
mLTP S21,MVB,2,,omar,0.1750
mLTP S21,MVB,3,,Cheezedoodle,0.1350
mLTP S21,Offensive Ball of the Season,1,,Fender,0.3447
mLTP S21,Offensive Ball of the Season,2,,First,0.1602
mLTP S21,Offensive Ball of the Season,3,,BallsToYou.,0.1311
mLTP S21,Defensive Ball of the Season,1,,omar,0.3085
mLTP S21,Defensive Ball of the Season,2,,FM,0.2139
mLTP S21,Defensive Ball of the Season,3,,Gargantua,0.1891
mLTP S21,Offensive Rookie of the Season,1,,DAD.,1.0000
mLTP S21,5th Ball,1,,inthesomeday,0.2632
mLTP S21,5th Ball,2,,Jerry.,0.2053
mLTP S21,5th Ball,3,,Frozen,0.1632
mLTP S21,Well Rounded,1,,Suchit,0.1990
mLTP S21,Well Rounded,2,,Cheezedoodle,0.1531
mLTP S21,Well Rounded,3,,Raspberry,0.1378
mLTP S21,Most Improved,1,,bubblez,0.2406
mLTP S21,Most Improved,2,,First,0.2353
mLTP S21,Most Improved,3,,omar,0.1925
mLTP S21,Best Valued,1,,bubblez,0.2732
mLTP S21,Best Valued,2,,First,0.2320
mLTP S21,Best Valued,3,,Gargantua,0.1546
mLTP S21,Best Offense Pair,1,,First,0.2892
mLTP S21,Best Offense Pair,1,,DAD.,0.2892
mLTP S21,Best Offense Pair,2,,BallsToYou.,0.1765
mLTP S21,Best Offense Pair,2,,VektorVaughn,0.1765
mLTP S21,Best Offense Pair,3,,d0pe,0.1716
mLTP S21,Best Offense Pair,3,,ez,0.1716
mLTP S21,Best Defense Pair,1,,omar,0.3077
mLTP S21,Best Defense Pair,1,,Suchit,0.3077
mLTP S21,Best Defense Pair,2,,Cheezedoodle,0.2103
mLTP S21,Best Defense Pair,2,,Gargantua,0.2103
mLTP S21,Best Defense Pair,3,,slide,0.1487
mLTP S21,Best Defense Pair,3,,q42,0.1487
mLTP S21,FU GASP,1,,might dino,0.2124
mLTP S21,FU GASP,2,,ez,0.1917
mLTP S21,FU GASP,3,,q42,0.1762
mLTP S21,Most Cohesive Unit,1,S1-6 House Tagaryen,,0.2802
mLTP S21,Most Cohesive Unit,2,Young Hotties,,0.2253
mLTP S21,Most Cohesive Unit,3,Pi-Curious,,0.1813
mLTP S21,Best Captain,1,,FLY,0.2289
mLTP S21,Best Captain,2,,Gryff,0.1841
mLTP S21,Best Captain,3,,Gram,0.1443
mLTP S21,All-Stars [Offense],1,,Fender,0.7740
mLTP S21,All-Stars [Offense],2,,First,0.6770
mLTP S21,All-Stars [Offense],3,,BallsToYou.,0.6450
mLTP S21,All-Stars [Offense],4,,d0pe,0.4190
mLTP S21,All-Stars [Offense],5,,DAD.,0.3870
mLTP S21,All-Stars [Defense],1,,omar,0.7000
mLTP S21,All-Stars [Defense],2,,FM,0.5330
mLTP S21,All-Stars [Defense],3,,Cheezedoodle,0.5000
mLTP S21,All-Stars [Defense],4,,q42,0.4000
mLTP S21,All-Stars [Defense],5,,Gargantua,0.4000
NLTP S21,MVB,1,BCC,Mr awesome:),0.2915
NLTP S21,MVB,2,BOA,sonder,0.1778
NLTP S21,MVB,3,MIA,Sugar,0.1456
NLTP S21,Offensive Ball of the Season,1,MIA,Skwid,0.3177
NLTP S21,Offensive Ball of the Season,2,BOA,i am zeus,0.1877
NLTP S21,Offensive Ball of the Season,3,QUE,Undify,0.1572
NLTP S21,Defensive Ball of the Season,1,BCC,Mr awesome:),0.3696
NLTP S21,Defensive Ball of the Season,2,BOA,sonder,0.2559
NLTP S21,Defensive Ball of the Season,3,MIA,Sugar,0.0931
NLTP S21,Rookie of the Season,1,BCC,Mr awesome:),0.4606
NLTP S21,Rookie of the Season,2,BOA,yung breezy,0.1552
NLTP S21,Rookie of the Season,3,NIP,UNIT-01,0.1339
NLTP S21,Well Rounded,1,MIA,Sugar,0.2448
NLTP S21,Well Rounded,2,BOA,sonder,0.1722
NLTP S21,Well Rounded,3,BCC,Rick G. #853,0.1358
NLTP S21,Most Improved,1,MIA,Skwid,0.1868
NLTP S21,Most Improved,2,BOA,yung breezy,0.1762
NLTP S21,Most Improved,3,NIP,big brother,0.1285
NLTP S21,Best Valued,1,BOA,i am zeus,0.1967
NLTP S21,Best Valued,2,MIA,Sugar,0.1853
NLTP S21,Best Valued,3,BCC,Mr awesome:),0.1460
NLTP S21,Best Offense Pair,1,,Juke Juice,0.3628
NLTP S21,Best Offense Pair,1,,Skwid,0.3628
NLTP S21,Best Offense Pair,2,,yung breezy,0.2178
NLTP S21,Best Offense Pair,2,,i am zeus,0.2178
NLTP S21,Best Offense Pair,3,,obama.,0.1268
NLTP S21,Best Offense Pair,3,,Adarssh,0.1268
NLTP S21,Best Defense Pair,1,,Mr awesome:),0.2793
NLTP S21,Best Defense Pair,1,,Rick G. #853,0.2793
NLTP S21,Best Defense Pair,2,,sonder,0.2333
NLTP S21,Best Defense Pair,2,,Makin Bacon,0.2333
NLTP S21,Best Defense Pair,3,,JARVISLANDRY,0.1721
NLTP S21,Best Defense Pair,3,,Sugar,0.1721
NLTP S21,FU GASP,1,QUE,laserpig,0.2433
NLTP S21,FU GASP,2,BOA,Makin Bacon,0.2157
NLTP S21,FU GASP,3,ISO,CatPuke,0.1904
NLTP S21,Position Change,1,MIA,Juke Juice,0.3108
NLTP S21,Position Change,2,ISO,CatPuke,0.2088
NLTP S21,Position Change,3,WTP,Four Twenty,0.1544
NLTP S21,Best Captain,1,BCC,Rick G. #853,0.2804
NLTP S21,Best Captain,2,,Sadness,0.2389
NLTP S21,Best Captain,3,MIA,JARVISLANDRY,0.2261
NLTP S21,Best Co-Captain,1,KGB,flaccid trip,0.2027
NLTP S21,Best Co-Captain,2,,i love HD,0.1695
NLTP S21,Best Co-Captain,3,,IcePlatypus,0.1449
NLTP S21,Most Cohesive Unit,1,Bank of Americaps,,0.2421
NLTP S21,Most Cohesive Unit,2,Legends of the Splittin' Temple,,0.1814
NLTP S21,Most Cohesive Unit,3,Bohemian Cap City,,0.1752
NLTP S21,Best Streamer,1,KGB,Flaccid Trip,0.3019
NLTP S21,Best Streamer,2,,Balled Eagle,0.2763
NLTP S21,Best Streamer,3,,i love HD,0.1050
NLTP S21,Heart Award,1,,iceplatypus,0.1529
NLTP S21,Heart Award,2,LBT,KahnMan,0.1049
NLTP S21,Heart Award,3,,Funky Spud,0.1044
NLTP S21,Behind the Scenes,1,,Buddy Bomb,0.3809
NLTP S21,Behind the Scenes,2,,Top 10s,0.1972
NLTP S21,Behind the Scenes,3,,Spike and Spike,0.1923
NLTP S21,All-Stars [Offense],1,,Skwid,0.8410
NLTP S21,All-Stars [Offense],2,,i am zeus,0.6590
NLTP S21,All-Stars [Offense],3,,Undify,0.6590
NLTP S21,All-Stars [Offense],4,,Juke Juice,0.5910
NLTP S21,All-Stars [Offense],5,,drewfa,0.3410
NLTP S21,All-Stars [Defense],1,,Mr awesome:),0.8860
NLTP S21,All-Stars [Defense],2,,sonder,0.7050
NLTP S21,All-Stars [Defense],3,,Sugar,0.6590
NLTP S21,All-Stars [Defense],4,,superdiglett,0.5230
NLTP S21,All-Stars [Defense],5,,karlwithak,0.5230
NLTP B S21,MVB,1,BCC,GillyBall,0.1921
NLTP B S21,MVB,2,SMB,Inspire,0.1803
NLTP B S21,MVB,3,KGB,naga,0.1222
NLTP B S21,Offensive Ball of the Season,1,BCC,GillyBall,0.2750
NLTP B S21,Offensive Ball of the Season,2,BOA,slobonmyknob,0.1576
NLTP B S21,Offensive Ball of the Season,3,LBT,steeze.,0.0997
NLTP B S21,Defensive Ball of the Season,1,SMB,Inspire,0.2195
NLTP B S21,Defensive Ball of the Season,2,KGB,naga,0.2040
NLTP B S21,Defensive Ball of the Season,3,LBT,Perpetualist,0.1433
NLTP B S21,Rookie of the Season,1,LBT,Perpetualist,0.2395
NLTP B S21,Rookie of the Season,2,KGB,Hibana,0.1934
NLTP B S21,Rookie of the Season,3,LBT,crouton.net,0.1903
NLTP B S21,Well Rounded,1,KGB,naga,0.2105
NLTP B S21,Well Rounded,2,LST,Luv(sic),0.1889
NLTP B S21,Well Rounded,3,LST,WRIG,0.1418
NLTP B S21,Most Improved,1,BCC,GillyBall,0.2619
NLTP B S21,Most Improved,2,HOG,thanos ball,0.2214
NLTP B S21,Most Improved,3,QUE,laserpig,0.1285
NLTP B S21,Best Valued,1,LBT,Perpetualist,0.1723
NLTP B S21,Best Valued,2,SMB,Inspire,0.1672
NLTP B S21,Best Valued,3,NIP,GreatHambino,0.1079
NLTP B S21,Position Change,1,KGB,naga,0.2406
NLTP B S21,Position Change,2,,luc(sic),0.2099
NLTP B S21,Position Change,3,BOA,SmallyBIGS,0.1451
NLTP B S21,Best Offense Pair,1,,Gillyball,0.2187
NLTP B S21,Best Offense Pair,1,,Kep,0.2187
NLTP B S21,Best Offense Pair,1,,Feels Like,0.2187
NLTP B S21,Best Offense Pair,2,,victor messi,0.2105
NLTP B S21,Best Offense Pair,2,,scrapper8o,0.2105
NLTP B S21,Best Offense Pair,3,,JSwan,0.1439
NLTP B S21,Best Offense Pair,3,,Omnivore,0.1439
NLTP B S21,Best Offense Pair,3,,FrodoBallins,0.1439
NLTP B S21,Best Defense Pair,1,,trapsin,0.2128
NLTP B S21,Best Defense Pair,1,,KahnMan,0.2128
NLTP B S21,Best Defense Pair,1,,Perpetualist,0.2128
NLTP B S21,Best Defense Pair,2,,WRIG,0.1853
NLTP B S21,Best Defense Pair,2,,luv(sic),0.1853
NLTP B S21,Best Defense Pair,3,,ducky,0.1828
NLTP B S21,Best Defense Pair,3,,gh0st,0.1828
NLTP B S21,Best Defense Pair,3,,BertAndBort,0.1828
NLTP B S21,FU GASP,1,HOG,GnaStrafDel,0.2739
NLTP B S21,FU GASP,2,KGB,FrodoBallins,0.2126
NLTP B S21,FU GASP,3,HOG,PASSTHEFLAG,0.1765
NLTP B S21,Most Cohesive Unit,1,Legends of the Splittin' Temple,,0.2263
NLTP B S21,Most Cohesive Unit,2,The Land Before Timers,,0.1647
NLTP B S21,Most Cohesive Unit,3,Manipulation Station,,0.1526
NLTP B S21,All-Stars [Offense],1,,GillyBall,0.8720
NLTP B S21,All-Stars [Offense],2,,victor messi,0.5740
NLTP B S21,All-Stars [Offense],3,,slobonmyknob,0.5530
NLTP B S21,All-Stars [Offense],4,,steeze.,0.5530
NLTP B S21,All-Stars [Offense],5,,astor,0.4680
NLTP B S21,All-Stars [Offense],4,,Thanos Ball,0.2980
NLTP B S21,All-Stars [Offense],5,,adawg,0.2980
NLTP B S21,All-Stars [Defense],1,,naga,0.6600
NLTP B S21,All-Stars [Defense],2,,Perpetualist,0.5530
NLTP B S21,All-Stars [Defense],3,,KahnMan,0.5110
NLTP B S21,All-Stars [Defense],4,,Inspire,0.5110
NLTP B S21,All-Stars [Defense],5,,Luv(sic),0.4680
NLTP B S21,All-Stars [Defense],4,,day,0.2770
NLTP B S21,All-Stars [Defense],5,,BertAndBort,0.2770
MLTP S22,MVB,1,SPI,BALLDON'TLIE,0.2535
MLTP S22,MVB,2,SPB,DT,0.2207
MLTP S22,MVB,3,OD,okthen,0.2019
MLTP S22,Offensive Ball of the Season,1,SPI,BALLDON'TLIE,0.4533
MLTP S22,Offensive Ball of the Season,2,OD,okthen,0.2850
MLTP S22,Offensive Ball of the Season,3,SPB,ez,0.0701
MLTP S22,Defensive Ball of the Season,1,ABO,mex,0.3707
MLTP S22,Defensive Ball of the Season,2,SPB,DT,0.2049
MLTP S22,Defensive Ball of the Season,3,877,Crippy,0.1220
MLTP S22,Defensive Rookie of the Season,1,S7J,omar,0.6059
MLTP S22,Defensive Rookie of the Season,2,HGW,Zig!,0.3941
MLTP S22,5th Ball,1,SPB,d0pe,0.2500
MLTP S22,5th Ball,2,ABO,FM,0.2260
MLTP S22,5th Ball,3,SPI,grunt,0.1971
MLTP S22,Well Rounded,1,SPB,DT,0.3538
MLTP S22,Well Rounded,2,S7J,OldRoller,0.1651
MLTP S22,Well Rounded,3,877,Crippy,0.1462
MLTP S22,Most Improved,1,SPB,DT,0.2450
MLTP S22,Most Improved,2,ABO,FM,0.2450
MLTP S22,Most Improved,3,SPI,aaron,0.2400
MLTP S22,Best Valued,1,SPI,aaron,0.3265
MLTP S22,Best Valued,2,OD,Ball-erina,0.2245
MLTP S22,Best Valued,3,RKT,Arbybear,0.1582
MLTP S22,Best Offense Pair,1,,okthen,0.4278
MLTP S22,Best Offense Pair,1,,Ball-erina,0.4278
MLTP S22,Best Offense Pair,2,,BALLDON'TLIE,0.2732
MLTP S22,Best Offense Pair,2,,grumpy,0.2732
MLTP S22,Best Offense Pair,3,,ez,0.1082
MLTP S22,Best Offense Pair,3,,d0pe,0.1082
MLTP S22,Best Defense Pair,1,,DT,0.4229
MLTP S22,Best Defense Pair,1,,Altiger,0.4229
MLTP S22,Best Defense Pair,2,,mex,0.1791
MLTP S22,Best Defense Pair,2,,FM,0.1791
MLTP S22,Best Defense Pair,3,,grunt,0.1692
MLTP S22,Best Defense Pair,3,,aaron,0.1692
MLTP S22,FU GASP,1,SPB,Altiger,0.5124
MLTP S22,FU GASP,2,877,Bamboozler,0.2388
MLTP S22,FU GASP,3,S7J,Spjork,0.1493
MLTP S22,Best Captain,1,SPB,Altiger,0.3824
MLTP S22,Best Captain,2,SPI,BALLDON'TLIE,0.1863
MLTP S22,Best Captain,3,OD,okthen,0.1814
MLTP S22,Most Cohesive Unit,1,Spherious Business,,0.3150
MLTP S22,Most Cohesive Unit,2,Origin Ducks,,0.1800
MLTP S22,Most Cohesive Unit,3,Sphere Itself,,0.1550
MLTP S22,Best Streamer,1,,BallAnka,0.2755
MLTP S22,Best Streamer,2,,FLY,0.1786
MLTP S22,Best Streamer,3,,Hark,0.1633
MLTP S22,Best Commentator,1,,BallAnka,0.2292
MLTP S22,Best Commentator,2,,bright,0.2031
MLTP S22,Best Commentator,3,,Hark,0.1667
MLTP S22,Behind the Scenes,1,SPB,d0pe,0.4124
MLTP S22,Behind the Scenes,2,,Tantrew,0.3196
MLTP S22,Behind the Scenes,3,,FLY,0.1701
MLTP S22,All-Stars [Offense],1,,okthen,0.9680
MLTP S22,All-Stars [Offense],2,,BALLDON'TLIE,0.9350
MLTP S22,All-Stars [Offense],3,,Mr. Hat,0.6770
MLTP S22,All-Stars [Offense],4,,Ball-erina,0.5480
MLTP S22,All-Stars [Offense],5,,ez,0.5160
MLTP S22,All-Stars [Defense],1,,mex,0.9030
MLTP S22,All-Stars [Defense],2,,DT,0.8390
MLTP S22,All-Stars [Defense],3,,Crippy,0.7740
MLTP S22,All-Stars [Defense],4,,OldRoller,0.6130
MLTP S22,All-Stars [Defense],5,,thenewguy.,0.5810
mLTP S22,MVB,1,BOT,titanblue,0.3319
mLTP S22,MVB,2,SPI,raymond53,0.2936
mLTP S22,MVB,3,SPB,d0pe,0.1064
mLTP S22,Offensive Ball of the Season,1,BOT,titanblue,0.2893
mLTP S22,Offensive Ball of the Season,2,SPI,raymond53,0.2645
mLTP S22,Offensive Ball of the Season,3,SPB,d0pe,0.1942
mLTP S22,Defensive Ball of the Season,1,ABO,FM,0.2348
mLTP S22,Defensive Ball of the Season,2,S7J,omar,0.1826
mLTP S22,Defensive Ball of the Season,3,MBC,black orchid,0.1609
mLTP S22,Offensive Rookie of the Season,1,877,inthesomeday,0.5698
mLTP S22,Offensive Rookie of the Season,2,MBC,Galvatron,0.4302
mLTP S22,Defensive Rookie of the Season,1,HGW,Zig!,0.2370
mLTP S22,Defensive Rookie of the Season,2,OTP,Airmigo,0.2275
mLTP S22,Defensive Rookie of the Season,3,IBS,Agency,0.2085
mLTP S22,5th Ball,1,BOT,yppiks123,0.3206
mLTP S22,5th Ball,2,BUB,2P1S,0.2201
mLTP S22,5th Ball,3,CMP,popsic,0.1196
mLTP S22,Well Rounded,1,,Nike,0.1343
mLTP S22,Well Rounded,2,,Airmigo,0.1250
mLTP S22,Well Rounded,3,DNO,Owen,0.1019
mLTP S22,Most Improved,1,BOT,titanblue,0.3990
mLTP S22,Most Improved,2,BUB,Raven,0.2644
mLTP S22,Most Improved,3,ABO,Messi,0.1346
mLTP S22,Best Valued,1,OTP,Airmigo,0.2546
mLTP S22,Best Valued,2,HGW,Alphachurro,0.1806
mLTP S22,Best Valued,3,IBS,Agency,0.1759
mLTP S22,Best Offense Pair,1,,titanblue,0.3431
mLTP S22,Best Offense Pair,1,,might dino,0.3431
mLTP S22,Best Offense Pair,2,,raymond53,0.2892
mLTP S22,Best Offense Pair,2,,Galvatron,0.2892
mLTP S22,Best Offense Pair,3,,d0pe,0.0882
mLTP S22,Best Offense Pair,3,,FaZe bubblez,0.0882
mLTP S22,Best Defense Pair,1,,FM,0.3132
mLTP S22,Best Defense Pair,1,,owen,0.3132
mLTP S22,Best Defense Pair,2,,omar,0.2363
mLTP S22,Best Defense Pair,2,,Alphachurro,0.2363
mLTP S22,Best Defense Pair,3,,Squeeb,0.1154
mLTP S22,Best Defense Pair,3,,Prizm,0.1154
mLTP S22,FU GASP,1,BOT,might dino,0.2195
mLTP S22,FU GASP,2,OD,Juke of Yore,0.1805
mLTP S22,FU GASP,3,877,inthesomeday,0.1756
mLTP S22,Most Cohesive Unit,1,Bottle Otters,,0.2688
mLTP S22,Most Cohesive Unit,2,Young Hotties,,0.2581
mLTP S22,Most Cohesive Unit,3,Mumble Cappers,,0.1129
mLTP S22,Best Captain,1,BOT,mex,0.2914
mLTP S22,Best Captain,2,S7J,omar,0.2343
mLTP S22,Best Captain,3,SPB,d0pe,0.1086
mLTP S22,All-Stars [Offense],1,,d0pe,0.7580
mLTP S22,All-Stars [Offense],2,,titanblue,0.6360
mLTP S22,All-Stars [Offense],3,,raymond53,0.6360
mLTP S22,All-Stars [Offense],4,,ref,0.3333
mLTP S22,All-Stars [Offense],5,,asap,0.2420
mLTP S22,All-Stars [Defense],1,,FM,0.6360
mLTP S22,All-Stars [Defense],2,,omar,0.6060
mLTP S22,All-Stars [Defense],3,,black orchid,0.3940
mLTP S22,All-Stars [Defense],4,,Agency,0.3640
mLTP S22,All-Stars [Defense],5,,Raven,0.3330
MLTP S23,MVB,1,G6,Suchit,0.2448
MLTP S23,MVB,2,G6,ez,0.2358
MLTP S23,MVB,3,SNP,Ty,0.1313
MLTP S23,Offensive Ball of the Season,1,G6,ez,0.3628
MLTP S23,Offensive Ball of the Season,2,MIA,GOOBR,0.2082
MLTP S23,Offensive Ball of the Season,3,HGW,Maru,0.1735
MLTP S23,Defensive Ball of the Season,1,G6,Suchit,0.3110
MLTP S23,Defensive Ball of the Season,2,MIA,FK,0.1773
MLTP S23,Defensive Ball of the Season,3,MPP,grumpy,0.1572
MLTP S23,Offensive Rookie of the Season,1,MPP,titanblue,0.3677
MLTP S23,Offensive Rookie of the Season,2,SNP,Air Jordan,0.3290
MLTP S23,Offensive Rookie of the Season,3,SNP,DAD.,0.3032
MLTP S23,Defensive Rookie of the Season,1,MPP,top kekker,0.5097
MLTP S23,Defensive Rookie of the Season,2,MIA,FK,0.4903
MLTP S23,5th Ball,1,G6,Xile,0.4006
MLTP S23,5th Ball,2,MIA,KIDDO116,0.2660
MLTP S23,5th Ball,3,G6,Pro Boat,0.1667
MLTP S23,Well Rounded,1,G6,Suchit,0.2883
MLTP S23,Well Rounded,2,SNP,Ty,0.1564
MLTP S23,Well Rounded,3,RHCP,BALLDON'TLIE,0.1350
MLTP S23,Most Improved,1,G6,Suchit,0.3388
MLTP S23,Most Improved,2,MPP,top kekker,0.2270
MLTP S23,Most Improved,3,PIC,Messi,0.1217
MLTP S23,Best Valued,1,G6,Suchit,0.3406
MLTP S23,Best Valued,2,MPP,top kekker,0.1656
MLTP S23,Best Valued,3,MIA,Kiddo116,0.1156
MLTP S23,Best Offense Pair,1,,ez,0.4510
MLTP S23,Best Offense Pair,1,,Cheetosrule,0.4510
MLTP S23,Best Offense Pair,2,,GOOBR,0.1958
MLTP S23,Best Offense Pair,2,,Kiddo116,0.1958
MLTP S23,Best Offense Pair,3,,Ball-erina,0.1608
MLTP S23,Best Offense Pair,3,,titanblue,0.1608
MLTP S23,Best Defense Pair,1,,Suchit,0.3277
MLTP S23,Best Defense Pair,1,,Pro Boat,0.3277
MLTP S23,Best Defense Pair,2,,top kekker,0.3108
MLTP S23,Best Defense Pair,2,,grumpy,0.3108
MLTP S23,Best Defense Pair,3,,FM,0.2432
MLTP S23,Best Defense Pair,3,,FK,0.2432
MLTP S23,FU GASP,1,SNP,Ty,0.1954
MLTP S23,FU GASP,2,G6,Cheetosrule,0.1755
MLTP S23,FU GASP,3,MPP,grumpy,0.1722
MLTP S23,Best Captain,1,,Gryff,0.3255
MLTP S23,Best Captain,2,,JARVISLANDRY,0.1477
MLTP S23,Best Captain,3,,smallyBIGS,0.1174
MLTP S23,Most Cohesive Unit,1,G6,,0.4632
MLTP S23,Most Cohesive Unit,2,Miami Ballphins,,0.1930
MLTP S23,Most Cohesive Unit,3,Mr. Poppa's Pinguins,,0.1614
MLTP S23,Best Streamer,1,,BallAnka,0.3134
MLTP S23,Best Streamer,2,,Gryff,0.2711
MLTP S23,Best Streamer,3,,Balled Eagle,0.1585
MLTP S23,Best Commentator,1,,BallAnka,0.2652
MLTP S23,Best Commentator,2,,Gryff,0.2424
MLTP S23,Best Commentator,3,MIA,FM,0.1667
MLTP S23,Behind the Scenes,1,RHCP,d0pe,0.5469
MLTP S23,Behind the Scenes,2,MIA,FM,0.2344
MLTP S23,Behind the Scenes,3,PIC,Messi,0.1484
MLTP S23,Best Performance [Transilio 2020],1,G6,Suchit,0.2577
MLTP S23,Best Performance [Transilio 2020],2,G6,Cheetosrule,0.2371
MLTP S23,Best Performance [Transilio 2020],3,G6,ez,0.1031
MLTP S23,Best Performance [Willow 2],1,MPP,top kekker,0.3253
MLTP S23,Best Performance [Willow 2],2,G6,ez,0.3253
MLTP S23,Best Performance [Willow 2],3,G6,Suchit,0.2169
MLTP S23,Best Performance [Sugar Hill],1,MPP,Ball-erina,0.2989
MLTP S23,Best Performance [Sugar Hill],2,G6,Suchit,0.2989
MLTP S23,Best Performance [Sugar Hill],3,G6,ez,0.1609
MLTP S23,Best Performance [MERALD],1,G6,Suchit,0.4217
MLTP S23,Best Performance [MERALD],2,MIA,GOOBR,0.1446
MLTP S23,Best Performance [MERALD],3,MIA,GRIMROG,0.1446
MLTP S23,Best Performance [Jardim],1,G6,ez,0.3059
MLTP S23,Best Performance [Jardim],2,G6,Suchit,0.2118
MLTP S23,Best Performance [Jardim],3,RHCP,BALLDON'TLIE,0.1412
MLTP S23,Best Performance [Rush 2],1,MPP,top kekker,0.2338
MLTP S23,Best Performance [Rush 2],2,PIC,Messi,0.2208
MLTP S23,Best Performance [Rush 2],3,HGW,Maru,0.1948
MLTP S23,Best Performance [Pilot 3],1,G6,ez,0.2381
MLTP S23,Best Performance [Pilot 3],2,HGW,Maru,0.1714
MLTP S23,Best Performance [Pilot 3],3,PIC,Messi,0.1333
MLTP S23,All-Stars [Offense],1,,ez,0.9200
MLTP S23,All-Stars [Offense],2,,GOOBR,0.7800
MLTP S23,All-Stars [Offense],3,,Maru,0.7000
MLTP S23,All-Stars [Offense],4,,Ball-erina,0.5000
MLTP S23,All-Stars [Offense],5,,Cheetosrule,0.4400
MLTP S23,All-Stars [Defense],1,,Suchit,0.6730
MLTP S23,All-Stars [Defense],2,,grumpy,0.6330
MLTP S23,All-Stars [Defense],3,,top kekker,0.6330
MLTP S23,All-Stars [Defense],4,,FK,0.5920
MLTP S23,All-Stars [Defense],5,,FM,0.3270
mLTP S23,MVB,1,SNP,Alphachurro,0.2308
mLTP S23,MVB,2,PIC,Gasol,0.1709
mLTP S23,MVB,3,G6,Dusk,0.1667
mLTP S23,Offensive Ball of the Season,1,SNP,no name,0.2203
mLTP S23,Offensive Ball of the Season,2,G6,Dusk,0.2159
mLTP S23,Offensive Ball of the Season,3,PIC,Gasol,0.1982
mLTP S23,Defensive Ball of the Season,1,SNP,Alphachurro,0.3411
mLTP S23,Defensive Ball of the Season,2,G6,i love HD,0.2383
mLTP S23,Defensive Ball of the Season,3,MPP,Zig!,0.1495
mLTP S23,Offensive Rookie of the Season,1,SNP,no name,0.5085
mLTP S23,Offensive Rookie of the Season,2,PIC,Sadness,0.4915
mLTP S23,Defensive Rookie of the Season,1,G6,i love HD,0.4903
mLTP S23,Defensive Rookie of the Season,2,THS,acuraun,0.2573
mLTP S23,Defensive Rookie of the Season,3,RHCP,Sugar,0.2524
mLTP S23,5th Ball,1,MIA,jig,0.3268
mLTP S23,5th Ball,2,,Catbabel97,0.3073
mLTP S23,5th Ball,3,MIA,juke juice,0.2049
mLTP S23,Well Rounded,1,G6,i love HD,0.1818
mLTP S23,Well Rounded,2,SNP,Alphachurro,0.1732
mLTP S23,Well Rounded,3,MPP,IfYouSeekAmy,0.1385
mLTP S23,Most Improved,1,SNP,no name,0.2287
mLTP S23,Most Improved,2,PIC,Sadness,0.2108
mLTP S23,Most Improved,3,G6,i love HD,0.1883
mLTP S23,Best Valued,1,G6,Dusk,0.2607
mLTP S23,Best Valued,2,SNP,Aunt Tifa,0.1410
mLTP S23,Best Valued,3,PIC,Sadness,0.1368
mLTP S23,Best Offense Pair,1,,no name,0.2696
mLTP S23,Best Offense Pair,1,,Aunt Tifa,0.2696
mLTP S23,Best Offense Pair,2,,Sadness,0.2087
mLTP S23,Best Offense Pair,2,,Gasol,0.2087
mLTP S23,Best Offense Pair,3,,Dusk,0.2043
mLTP S23,Best Offense Pair,3,,bubblez,0.2043
mLTP S23,Best Defense Pair,1,,Alphachurro,0.3136
mLTP S23,Best Defense Pair,1,,D rek,0.3136
mLTP S23,Best Defense Pair,2,,Xile,0.2727
mLTP S23,Best Defense Pair,2,,i love HD,0.2727
mLTP S23,Best Defense Pair,3,,Zig!,0.1591
mLTP S23,Best Defense Pair,3,,IfYouSeekAmy,0.1591
mLTP S23,FU GASP,1,G6,Xile,0.1864
mLTP S23,FU GASP,2,MPP,Zig!,0.1737
mLTP S23,FU GASP,3,SNP,D Rek,0.1737
mLTP S23,Most Cohesive Unit,1,Snipe Hunt,,0.2933
mLTP S23,Most Cohesive Unit,2,G6,,0.2644
mLTP S23,Most Cohesive Unit,3,Mr. Poppa's Pinguins,,0.1827
mLTP S23,Best Performance [Transilio 2020],1,PIC,Sadness,0.3182
mLTP S23,Best Performance [Transilio 2020],2,G6,i love HD,0.2159
mLTP S23,Best Performance [Transilio 2020],3,G6,Dusk,0.1364
mLTP S23,Best Performance [Willow 2],1,G6,Dusk,0.3232
mLTP S23,Best Performance [Willow 2],2,SNP,no name,0.1818
mLTP S23,Best Performance [Willow 2],3,SNP,Alphachurro,0.1616
mLTP S23,Best Performance [Sugar Hill],1,G6,Dusk,0.2243
mLTP S23,Best Performance [Sugar Hill],2,SNP,Aunt Tifa,0.1589
mLTP S23,Best Performance [Sugar Hill],3,SNP,Alphachurro,0.1495
mLTP S23,Best Performance [MERALD],1,SNP,Alphachurro,0.2469
mLTP S23,Best Performance [MERALD],2,PIC,Gasol,0.2346
mLTP S23,Best Performance [MERALD],3,RHCP,Airmigo,0.1605
mLTP S23,Best Performance [Jardim],1,G6,Dusk,0.2404
mLTP S23,Best Performance [Jardim],2,MPP,ASAP,0.2115
mLTP S23,Best Performance [Jardim],3,MPP,Zig!,0.2019
mLTP S23,Best Performance [Rush 2],1,G6,i love HD,0.2323
mLTP S23,Best Performance [Rush 2],2,MPP,Zig!,0.2323
mLTP S23,Best Performance [Rush 2],3,MPP,ASAP,0.1717
mLTP S23,Best Performance [Pilot 3],1,MPP,ASAP,0.2045
mLTP S23,Best Performance [Pilot 3],2,G6,i love HD,0.1932
mLTP S23,Best Performance [Pilot 3],3,PIC,Sadness,0.1477
mLTP S23,All-Stars [Offense],1,,Gasol,0.6740
mLTP S23,All-Stars [Offense],2,,no name,0.6180
mLTP S23,All-Stars [Offense],3,,Dusk,0.5880
mLTP S23,All-Stars [Offense],4,,Sadness,0.5880
mLTP S23,All-Stars [Offense],5,,ASAP,0.4710
mLTP S23,All-Stars [Defense],1,,i love HD,0.7060
mLTP S23,All-Stars [Defense],2,,Alphachurro,0.6760
mLTP S23,All-Stars [Defense],3,,Prizm,0.4710
mLTP S23,All-Stars [Defense],4,,Zig!,0.4710
mLTP S23,All-Stars [Defense],5,,St. Bernard,0.4410
MLTP S24,MVB,1,SNI,HarkMollis,0.2491
MLTP S24,MVB,2,PKP,DT,0.2011
MLTP S24,MVB,3,PKP,Ball-erina,0.1662
MLTP S24,Offensive Ball of the Season,1,PKP,Ball-erina,0.3072
MLTP S24,Offensive Ball of the Season,2,SNI,fender,0.2359
MLTP S24,Offensive Ball of the Season,3,MIA,ez,0.1729
MLTP S24,Defensive Ball of the Season,1,SNI,HarkMollis,0.3602
MLTP S24,Defensive Ball of the Season,2,QUE,mex,0.2366
MLTP S24,Defensive Ball of the Season,3,PKP,Agency,0.1938
MLTP S24,Offensive Rookie of the Season,1,PKP,Agency,0.3486
MLTP S24,Offensive Rookie of the Season,2,HGW,yawn,0.3080
MLTP S24,Offensive Rookie of the Season,3,SNI,Alphachurro,0.2187
MLTP S24,5th Ball,1,,Will KO Anka,0.3365
MLTP S24,5th Ball,2,QUE,FalleN,0.2888
MLTP S24,5th Ball,3,MBM,Davion,0.1888
MLTP S24,Well Rounded,1,PKP,DT,0.2783
MLTP S24,Well Rounded,2,SNI,HarkMollis,0.1787
MLTP S24,Well Rounded,3,,glob.,0.1277
MLTP S24,Most Improved,1,SNI,Fender,0.3551
MLTP S24,Most Improved,2,PKP,Ball-erina,0.3182
MLTP S24,Most Improved,3,MIA,Kei Yonagi,0.2670
MLTP S24,Best Valued,1,SNI,Fender,0.2536
MLTP S24,Best Valued,2,PKP,Agency,0.2329
MLTP S24,Best Valued,3,SNI,ccga4,0.1816
MLTP S24,Best Offense Pair,1,,Ball-erina,0.3919
MLTP S24,Best Offense Pair,1,,DT,0.3919
MLTP S24,Best Offense Pair,2,,Drippy,0.2082
MLTP S24,Best Offense Pair,2,,Mr. Hat,0.2082
MLTP S24,Best Offense Pair,3,,Fender,0.1901
MLTP S24,Best Offense Pair,3,,ccga4,0.1901
MLTP S24,Best Defense Pair,1,,HarkMollis,0.4040
MLTP S24,Best Defense Pair,1,,Alphachurro,0.4040
MLTP S24,Best Defense Pair,2,,Agency,0.2329
MLTP S24,Best Defense Pair,2,,glob.,0.2329
MLTP S24,Best Defense Pair,3,,yawn,0.1279
MLTP S24,Best Defense Pair,3,,Xile,0.1279
MLTP S24,FU GASP,1,PKP,DT,0.3249
MLTP S24,FU GASP,2,HGW,Mr. Hat,0.2403
MLTP S24,FU GASP,3,LAA,Ty,0.1662
MLTP S24,Best Captain,1,,yiss,0.2146
MLTP S24,Best Captain,1,,/ okthen,0.2146
MLTP S24,Best Captain,2,,Spheroid.,0.1884
MLTP S24,Best Captain,3,,Wanye,0.1366
MLTP S24,Most Cohesive Unit,1,Pupkin Pi,,0.4138
MLTP S24,Most Cohesive Unit,2,Snipe Hunt,,0.2800
MLTP S24,Most Cohesive Unit,3,Holdin' Gate Warriors,,0.1311
MLTP S24,Best Streamer,1,,okthen,0.4505
MLTP S24,Best Streamer,2,,i love hd,0.2831
MLTP S24,Best Streamer,3,,Gryff,0.1018
MLTP S24,Best Commentator,1,,okthen,0.4198
MLTP S24,Best Commentator,2,,Gryff,0.1588
MLTP S24,Best Commentator,3,QUE,mex,0.1558
MLTP S24,Behind the Scenes,1,MBM,St. Bernard,0.4209
MLTP S24,Behind the Scenes,2,DPS,Messi,0.2894
MLTP S24,Behind the Scenes,3,,FLY,0.2157
MLTP S24,All-Stars [Offense],1,,Fender,0.8280
MLTP S24,All-Stars [Offense],2,,Ball-erina,0.7930
MLTP S24,All-Stars [Offense],3,,Mr. Hat,0.7590
MLTP S24,All-Stars [Offense],4,,Drippy,0.5520
MLTP S24,All-Stars [Offense],5,,ez,0.4830
MLTP S24,All-Stars [Defense],1,,HarkMollis,0.8330
MLTP S24,All-Stars [Defense],2,,Agency,0.7670
MLTP S24,All-Stars [Defense],3,,mex,0.7330
MLTP S24,All-Stars [Defense],4,,thenewguy.,0.6000
MLTP S24,All-Stars [Defense],5,,yawn,0.4330
mLTP S24,MVB,1,,jig,0.2093
mLTP S24,MVB,2,,Gargantua,0.1789
mLTP S24,MVB,3,,DAD.,0.1313
mLTP S24,Offensive Ball of the Season,1,,CoolCat,0.2649
mLTP S24,Offensive Ball of the Season,2,,jig,0.2351
mLTP S24,Offensive Ball of the Season,3,,DAD.,0.1399
mLTP S24,Defensive Ball of the Season,1,,NameLEss,0.2173
mLTP S24,Defensive Ball of the Season,2,,Gargantua,0.2083
mLTP S24,Defensive Ball of the Season,3,,BallAnka,0.1250
mLTP S24,Offensive Rookie of the Season,1,,CoolCat,0.3323
mLTP S24,Offensive Rookie of the Season,2,,Frank,0.3049
mLTP S24,Offensive Rookie of the Season,3,,flaccid trip,0.1921
mLTP S24,5th Ball,1,,demman,0.3163
mLTP S24,5th Ball,2,,flaccid trip,0.2146
mLTP S24,5th Ball,3,,Skwid,0.1948
mLTP S24,Well Rounded,1,,Gargantua,0.1667
mLTP S24,Well Rounded,2,,jig,0.1518
mLTP S24,Well Rounded,3,,BallAnka,0.1280
mLTP S24,Most Improved,1,,jig,0.2478
mLTP S24,Most Improved,2,,juke juice,0.2297
mLTP S24,Most Improved,3,,CoolCat,0.2175
mLTP S24,Best Valued,1,,NameLEss,0.2766
mLTP S24,Best Valued,2,,CoolCat,0.2668
mLTP S24,Best Valued,3,2BP,_|_,0.1735
mLTP S24,Best Offense Pair,1,,ASAP,0.3295
mLTP S24,Best Offense Pair,1,,CoolCat,0.3295
mLTP S24,Best Offense Pair,2,,jig,0.3261
mLTP S24,Best Offense Pair,2,,#SelfySyntax,0.3261
mLTP S24,Best Offense Pair,3,,DAD.,0.1966
mLTP S24,Best Offense Pair,3,,GasoI,0.1966
mLTP S24,Best Defense Pair,1,,NameLEss,0.2894
mLTP S24,Best Defense Pair,1,,_|_,0.2894
mLTP S24,Best Defense Pair,2,,Gargantua,0.2830
mLTP S24,Best Defense Pair,2,,Frank,0.2830
mLTP S24,Best Defense Pair,3,,Xile,0.2648
mLTP S24,Best Defense Pair,3,,demman,0.2648
mLTP S24,FU GASP,1,2BP,Gasol,0.2528
mLTP S24,FU GASP,2,,First,0.2130
mLTP S24,FU GASP,3,,Frank,0.1998
mLTP S24,Most Cohesive Unit,1,WCYDinos,,0.3030
mLTP S24,Most Cohesive Unit,2,Lemon Merangle Pi,,0.2485
mLTP S24,Most Cohesive Unit,3,Miami Ballphins,,0.2209
mLTP S24,Best Captain,1,,ASAP,0.2746
mLTP S24,Best Captain,2,,JARVISLANDRY,0.1863
mLTP S24,Best Captain,3,,DAD.,0.1794
mLTP S24,All-Stars [Offense],1,,jig,0.8700
mLTP S24,All-Stars [Offense],2,,DAD.,0.7390
mLTP S24,All-Stars [Offense],3,,asap,0.6960
mLTP S24,All-Stars [Offense],4,,CoolCat,0.6520
mLTP S24,All-Stars [Offense],5,,Messi,0.4350
mLTP S24,All-Stars [Defense],1,,Xile,0.7830
mLTP S24,All-Stars [Defense],2,,NameLEss,0.7390
mLTP S24,All-Stars [Defense],3,,Gargantua,0.6960
mLTP S24,All-Stars [Defense],4,,Juke Juice,0.5650
mLTP S24,All-Stars [Defense],5,,IfYouSeekAmy,0.4780
MLTP S25,MVB,1,MBC,Wanye,0.3657
MLTP S25,MVB,2,CJK,toasty,0.2463
MLTP S25,MVB,3,AC,BALLDON'TLIE,0.1263
MLTP S25,Offensive Ball of the Season,1,MBC,gg!,0.2837
MLTP S25,Offensive Ball of the Season,2,CJK,toasty,0.2449
MLTP S25,Offensive Ball of the Season,3,MBC,kool aid,0.1555
MLTP S25,Defensive Ball of the Season,1,MBC,Wanye,0.4064
MLTP S25,Defensive Ball of the Season,2,GB,Doris,0.1763
MLTP S25,Defensive Ball of the Season,3,SNI,Armbranch,0.1749
MLTP S25,Offensive Rookie of the Season,1,MBC,kool aid,0.3740
MLTP S25,Offensive Rookie of the Season,2,CJK,NameLEss,0.2157
MLTP S25,Offensive Rookie of the Season,3,AC,Mr awesome:),0.1739
MLTP S25,5th Ball,1,HGW,Gleg,0.2636
MLTP S25,5th Ball,2,CJK,CoolCat,0.2247
MLTP S25,5th Ball,3,RCC,First,0.2246
MLTP S25,Well Rounded,1,AC,BALLDON'TLIE,0.2114
MLTP S25,Well Rounded,2,SNI,Ty,0.2053
MLTP S25,Well Rounded,3,MBC,Wanye,0.2028
MLTP S25,Most Improved,1,SNI,no name,0.3004
MLTP S25,Most Improved,2,SNI,Aaron,0.2708
MLTP S25,Most Improved,3,WMS,Messi,0.2321
MLTP S25,Best Valued,1,MBC,kool aid,0.3353
MLTP S25,Best Valued,2,WMS,Messi,0.1975
MLTP S25,Best Valued,3,CJK,NameLEss,0.1312
MLTP S25,Best Offense Pair,1,,gg!,0.3814
MLTP S25,Best Offense Pair,1,,kool aid,0.3814
MLTP S25,Best Offense Pair,2,,BALLDON'TLIE,0.2169
MLTP S25,Best Offense Pair,2,,FENDER,0.2169
MLTP S25,Best Offense Pair,3,,aaron,0.1519
MLTP S25,Best Offense Pair,3,,no name,0.1519
MLTP S25,Best Defense Pair,1,,Wanye,0.4357
MLTP S25,Best Defense Pair,1,,dodsfaIl,0.4357
MLTP S25,Best Defense Pair,2,,Armbranch,0.2302
MLTP S25,Best Defense Pair,2,,Ty,0.2302
MLTP S25,Best Defense Pair,3,,grumpy,0.1040
MLTP S25,Best Defense Pair,3,,Xile,0.1040
MLTP S25,FU GASP,1,SNI,Ty,0.3217
MLTP S25,FU GASP,2,MBC,dodsfall,0.2013
MLTP S25,FU GASP,3,HGW,GOOBR,0.1897
MLTP S25,Best Captain,1,,Spheroid.,0.2777
MLTP S25,Best Captain,2,,d0pe,0.2281
MLTP S25,Best Captain,2,,Prime,0.2281
MLTP S25,Best Captain,3,,Gryff,0.1735
MLTP S25,Most Cohesive Unit,1,Mumble Cappers,,0.3316
MLTP S25,Most Cohesive Unit,2,Snipe Hunt,,0.2785
MLTP S25,Most Cohesive Unit,3,ALL CAPS,,0.1337
MLTP S25,Best Streamer,1,,Hjalpa,0.3333
MLTP S25,Best Streamer,2,,FLY,0.1931
MLTP S25,Best Streamer,3,SNI,aaron,0.1902
MLTP S25,Best Commentator,1,AC,BALLDON'TLIE,0.3475
MLTP S25,Best Commentator,2,,Hjalpa,0.2927
MLTP S25,Best Commentator,3,SNI,aaron,0.1331
MLTP S25,Behind the Scenes,1,,Jeremy Jamm,0.3591
MLTP S25,Behind the Scenes,2,,d0pe,0.3105
MLTP S25,Behind the Scenes,3,,Spheroid.,0.1272
MLTP S25,All-Stars [Offense],1,,gg!,0.9120
MLTP S25,All-Stars [Offense],2,,toasty,0.8820
MLTP S25,All-Stars [Offense],3,,kool aid,0.7650
MLTP S25,All-Stars [Offense],4,,BALLDON'TLIE,0.7060
MLTP S25,All-Stars [Offense],5,,Messi,0.4410
MLTP S25,All-Stars [Defense],1,,Wanye,1.0000
MLTP S25,All-Stars [Defense],2,,Doris,0.8240
MLTP S25,All-Stars [Defense],3,,Armbranch,0.7350
MLTP S25,All-Stars [Defense],4,,q42,0.5000
MLTP S25,All-Stars [Defense],5,,MR AWESOME :),0.4120
mLTP S25,MVB,1,CJK,Pnaoxt,0.2607
mLTP S25,MVB,2,CJK,sonder,0.1447
mLTP S25,MVB,3,RCC,DUMPTRUCKASS,0.1183
mLTP S25,Offensive Ball of the Season,1,CJK,Pnaoxt,0.2603
mLTP S25,Offensive Ball of the Season,2,BLZ,inthesomeday,0.1552
mLTP S25,Offensive Ball of the Season,3,CSM,Skwid,0.1301
mLTP S25,Defensive Ball of the Season,1,CJK,sonder,0.2137
mLTP S25,Defensive Ball of the Season,2,SNI,JuKE JUicE,0.1584
mLTP S25,Defensive Ball of the Season,3,RCC,Airmigo,0.1415
mLTP S25,Offensive Rookie of the Season,1,CJK,sonder,0.3507
mLTP S25,Offensive Rookie of the Season,2,HGW,Dr. Pupper,0.1974
mLTP S25,Offensive Rookie of the Season,3,HGW,Gleg,0.1460
mLTP S25,5th Ball,1,RST,Butter,0.3933
mLTP S25,5th Ball,2,2BP,~zion~,0.2533
mLTP S25,5th Ball,3,,beast mode,0.1600
mLTP S25,Well Rounded,1,CSM,i love HD,0.1709
mLTP S25,Well Rounded,2,RCC,IfYouSeekAmy,0.1498
mLTP S25,Well Rounded,3,SNI,JuKE JUicE,0.1428
mLTP S25,Most Improved,1,CJK,Pnaoxt,0.3433
mLTP S25,Most Improved,2,CJK,CoolCat,0.2417
mLTP S25,Most Improved,3,CSM,Sadness,0.2350
mLTP S25,Best Valued,1,CJK,Pnaoxt,0.3196
mLTP S25,Best Valued,2,CJK,sonder,0.1855
mLTP S25,Best Valued,3,RCC,DUMPTRUCKASS,0.1467
mLTP S25,Best Offense Pair,1,,Pnaoxt,0.3049
mLTP S25,Best Offense Pair,1,,CoolCat,0.3049
mLTP S25,Best Offense Pair,2,,IfYouWeakAmy,0.2279
mLTP S25,Best Offense Pair,2,,First,0.2279
mLTP S25,Best Offense Pair,3,,Skwid,0.1537
mLTP S25,Best Offense Pair,3,,Sadness,0.1537
mLTP S25,Best Defense Pair,1,,sonder,0.2758
mLTP S25,Best Defense Pair,1,,Frank,0.2758
mLTP S25,Best Defense Pair,2,,Airmigo,0.2358
mLTP S25,Best Defense Pair,2,,DUMPTRUCKASS,0.2358
mLTP S25,Best Defense Pair,3,,i love HD,0.1753
mLTP S25,Best Defense Pair,3,,wassa,0.1753
mLTP S25,FU GASP,1,RCC,IfYouSeekAmy,0.2794
mLTP S25,FU GASP,2,CJK,Frank,0.1899
mLTP S25,FU GASP,3,BLZ,inthesomeday,0.1645
mLTP S25,Most Cohesive Unit,1,Cheek Seeking Missiles,,0.2567
mLTP S25,Most Cohesive Unit,2,CircleJukers,,0.2493
mLTP S25,Most Cohesive Unit,3,RoundCloud Cappers,,0.2232
mLTP S25,Best Captain,1,,d0pe,0.2462
mLTP S25,Best Captain,2,,Gryff,0.1784
mLTP S25,Best Captain,3,,Poeticalto,0.1700
mLTP S25,All-Stars [Offense],1,,Pnaoxt,0.7500
mLTP S25,All-Stars [Offense],2,,Skwid,0.6560
mLTP S25,All-Stars [Offense],3,,CoolCat,0.6250
mLTP S25,All-Stars [Offense],4,,ASAP,0.4690
mLTP S25,All-Stars [Offense],5,,IfYouSeekAmy,0.4060
mLTP S25,All-Stars [Defense],1,,sonder,0.6880
mLTP S25,All-Stars [Defense],2,,i love HD,0.6560
mLTP S25,All-Stars [Defense],3,,Airmigo,0.5630
mLTP S25,All-Stars [Defense],4,,DUMPTRUCKASS,0.5630
mLTP S25,All-Stars [Defense],5,,Frank,0.4690
NLTP S25,MVB,1,NIP,Luv(sic),0.2580
NLTP S25,MVB,2,WTP,Homie,0.1319
NLTP S25,MVB,3,80D,Butter,0.1170
NLTP S25,Offensive Ball of the Season,1,YHT,JSwan,0.1713
NLTP S25,Offensive Ball of the Season,2,NIP,GillyBall,0.1581
NLTP S25,Offensive Ball of the Season,3,80D,b1g,0.1448
NLTP S25,Defensive Ball of the Season,1,NIP,Luv(sic),0.2928
NLTP S25,Defensive Ball of the Season,2,WTP,Homie,0.2089
NLTP S25,Defensive Ball of the Season,3,80D,Butter,0.1687
NLTP S25,Rookie of the Season,1,WTP,Exo,0.2352
NLTP S25,Rookie of the Season,2,NIP,dingbat,0.1592
NLTP S25,Rookie of the Season,3,CAP,BertAndBort,0.1384
NLTP S25,Well Rounded,1,NIP,Luv(sic),0.1947
NLTP S25,Well Rounded,2,CAP,BertAndBort,0.1448
NLTP S25,Well Rounded,3,LBT,bbb,0.1400
NLTP S25,Most Improved,1,80D,b1g,0.3766
NLTP S25,Most Improved,2,YHT,JSwan,0.2953
NLTP S25,Most Improved,3,80D,Butter,0.2173
NLTP S25,Best Valued,1,80D,b1g,0.1696
NLTP S25,Best Valued,2,WTP,Exo,0.1564
NLTP S25,Best Valued,3,YHT,JSwan,0.1354
NLTP S25,Best Offense Pair,1,,inthesomeday,0.2060
NLTP S25,Best Offense Pair,1,,b1g,0.2060
NLTP S25,Best Offense Pair,2,,yea,0.1723
NLTP S25,Best Offense Pair,2,,Exo,0.1723
NLTP S25,Best Offense Pair,3,,Gillyball,0.1703
NLTP S25,Best Offense Pair,3,,adawg,0.1703
NLTP S25,Best Defense Pair,1,,Luv(sic),0.2394
NLTP S25,Best Defense Pair,1,,dingbat,0.2394
NLTP S25,Best Defense Pair,2,,Butter,0.1434
NLTP S25,Best Defense Pair,2,,t h C,0.1434
NLTP S25,Best Defense Pair,3,,BertAndBort,0.1359
NLTP S25,Best Defense Pair,3,,rd,0.1359
NLTP S25,FU GASP,1,80D,inthesomeday,0.2432
NLTP S25,FU GASP,2,CAP,rd,0.1973
NLTP S25,FU GASP,3,LST,flaccid trip,0.1705
NLTP S25,Position Change,1,CAP,rd,0.3625
NLTP S25,Position Change,2,LBT,bbb,0.3542
NLTP S25,Position Change,3,BCC,Rick G. #853,0.2833
NLTP S25,Best Captain,1,,Dusk,0.2233
NLTP S25,Best Captain,2,MIA,JARVISLANDRY,0.1537
NLTP S25,Best Captain,3,80D,inthesomeday,0.1144
NLTP S25,Best Co-Captain,1,,Alphachurro,0.2050
NLTP S25,Best Co-Captain,2,MIA,IcePlatypus,0.1832
NLTP S25,Best Co-Captain,3,NIP,Luv(sic),0.1508
NLTP S25,Most Cohesive Unit,1,Manipulation Station,,0.2730
NLTP S25,Most Cohesive Unit,2,80 Degrees,,0.1431
NLTP S25,Most Cohesive Unit,3,Weed the People,,0.1406
NLTP S25,Best Streamer,1,,Hjalpa,0.2306
NLTP S25,Best Streamer,2,,Balled Eagle,0.1543
NLTP S25,Best Streamer,3,,i love hd,0.1354
NLTP S25,Heart Award,1,BCC,WRIG,0.2935
NLTP S25,Heart Award,2,MIA,IcePlatypus,0.1247
NLTP S25,Heart Award,3,WTP,Zoomie,0.1143
NLTP S25,Behind the Scenes,1,,Microdose,0.3738
NLTP S25,Behind the Scenes,2,,NLTP Pick'em,0.3582
NLTP S25,Behind the Scenes,3,,Worst Take,0.2681
NLTP S25,All-Stars [Offense],1,,JSwan,0.6740
NLTP S25,All-Stars [Offense],2,,GillyBall,0.5000
NLTP S25,All-Stars [Offense],3,,yea,0.4350
NLTP S25,All-Stars [Offense],4,,~zion,0.4350
NLTP S25,All-Stars [Offense],5,,inthesomeday,0.4350
NLTP S25,All-Stars [Defense],1,,Luv(sic),0.8040
NLTP S25,All-Stars [Defense],2,,Homie,0.6960
NLTP S25,All-Stars [Defense],3,,Butter,0.6090
NLTP S25,All-Stars [Defense],4,,naga,0.3700
NLTP S25,All-Stars [Defense],5,,DINGBAT,0.2610
NLTP B S25,MVB,1,MIA,king krule,0.2078
NLTP B S25,MVB,2,LST,Victor messi,0.1286
NLTP B S25,MVB,3,NIP,llamatron,0.0981
NLTP B S25,Offensive Ball of the Season,1,MIA,king krule,0.2357
NLTP B S25,Offensive Ball of the Season,2,LST,Victor messi,0.1822
NLTP B S25,Offensive Ball of the Season,3,80D,Button,0.1337
NLTP B S25,Defensive Ball of the Season,1,MIA,Ralph Wiggum,0.1436
NLTP B S25,Defensive Ball of the Season,2,YHT,Hibana,0.1166
NLTP B S25,Defensive Ball of the Season,3,LST,Scrapper8o,0.0976
NLTP B S25,Rookie of the Season,1,BCC,Cel,0.3039
NLTP B S25,Rookie of the Season,2,CAP,RedKillTiger,0.1795
NLTP B S25,Rookie of the Season,3,NIP,Dr Firestorm,0.1589
NLTP B S25,Well Rounded,1,LST,Scrapper8o,0.1494
NLTP B S25,Well Rounded,2,NIP,im a goat,0.1354
NLTP B S25,Well Rounded,3,MIA,king krule,0.1011
NLTP B S25,Most Improved,1,MIA,IcePlatypus,0.2432
NLTP B S25,Most Improved,2,PUC,SmallyBigs,0.1353
NLTP B S25,Most Improved,3,MIA,GospelofJuke,0.1113
NLTP B S25,Best Valued,1,MIA,IcePlatypus,0.1806
NLTP B S25,Best Valued,2,PUC,Jelly Rat,0.1360
NLTP B S25,Best Valued,3,BCC,Cel,0.1213
NLTP B S25,Position Change,1,NIP,im a goat,0.2046
NLTP B S25,Position Change,2,LST,Scrapper8o,0.1974
NLTP B S25,Position Change,3,LBT,Crowman,0.1194
NLTP B S25,Best Offense Pair,1,,Victor,0.2102
NLTP B S25,Best Offense Pair,1,,Fragrant,0.2102
NLTP B S25,Best Offense Pair,1,,POV,0.2102
NLTP B S25,Best Offense Pair,2,,king krule,0.1947
NLTP B S25,Best Offense Pair,2,,J24,0.1947
NLTP B S25,Best Offense Pair,2,,adam1,0.1947
NLTP B S25,Best Offense Pair,2,,IceP,0.1947
NLTP B S25,Best Offense Pair,3,,Adarssh,0.1478
NLTP B S25,Best Offense Pair,3,,Logi,0.1478
NLTP B S25,Best Offense Pair,3,,Jer32,0.1478
NLTP B S25,Best Offense Pair,3,,Wings,0.1478
NLTP B S25,Best Defense Pair,1,,luke,0.2465
NLTP B S25,Best Defense Pair,1,,WRIG,0.2465
NLTP B S25,Best Defense Pair,1,,Perp,0.2465
NLTP B S25,Best Defense Pair,1,,Cel,0.2465
NLTP B S25,Best Defense Pair,1,,Rad,0.2465
NLTP B S25,Best Defense Pair,2,,Ralph,0.1461
NLTP B S25,Best Defense Pair,2,,Kooler,0.1461
NLTP B S25,Best Defense Pair,2,,Gospel,0.1461
NLTP B S25,Best Defense Pair,2,,Dolph,0.1461
NLTP B S25,Best Defense Pair,3,,Karamat,0.1449
NLTP B S25,Best Defense Pair,3,,SmallyBigs,0.1449
NLTP B S25,Best Defense Pair,3,,Conj,0.1449
NLTP B S25,FU GASP,1,BCC,WRIG,0.3953
NLTP B S25,FU GASP,2,YHT,FrodoBallins,0.2684
NLTP B S25,FU GASP,3,LBT,Crowman,0.1967
NLTP B S25,Most Cohesive Unit,1,Legends of Splittin Temple,,0.2675
NLTP B S25,Most Cohesive Unit,2,Bohemian Cap City,,0.1810
NLTP B S25,Most Cohesive Unit,3,Miami Ballphins,,0.1567
NLTP B S25,All-Stars [Offense],1,,Victor messi,0.6920
NLTP B S25,All-Stars [Offense],2,,king krule,0.6540
NLTP B S25,All-Stars [Offense],3,,icePlatypus,0.5190
NLTP B S25,All-Stars [Offense],4,,Button,0.4420
NLTP B S25,All-Stars [Offense],5,,im a goat,0.3270
NLTP B S25,All-Stars [Offense],4,,Assdarsh,0.2880
NLTP B S25,All-Stars [Offense],5,,LogisticMap,0.2690
NLTP B S25,All-Stars [Defense],1,,Ralph Wiggum,0.5100
NLTP B S25,All-Stars [Defense],2,,Perpetualist,0.4510
NLTP B S25,All-Stars [Defense],3,,Scrapper8o,0.4510
NLTP B S25,All-Stars [Defense],4,,lukemoo,0.4310
NLTP B S25,All-Stars [Defense],5,,Hibana,0.4310
NLTP B S25,All-Stars [Defense],4,,Karamat,0.3920
NLTP B S25,All-Stars [Defense],5,,llamatron,0.3530
MLTP S26,MVB,1,MIA,Maru,0.2782
MLTP S26,MVB,2,HGB,Doris,0.2339
MLTP S26,MVB,3,KSR,`,0.1129
MLTP S26,MVB,3,KSR,kool aid,0.1129
MLTP S26,Offensive Ball of the Season,1,MIA,Maru,0.3115
MLTP S26,Offensive Ball of the Season,2,KSR,kool aid,0.2254
MLTP S26,Offensive Ball of the Season,3,LAB,Ball-erina,0.1393
MLTP S26,Defensive Ball of the Season,1,HGB,Doris,0.2720
MLTP S26,Defensive Ball of the Season,2,,Boat,0.1760
MLTP S26,Defensive Ball of the Season,3,,`,0.1360
MLTP S26,Offensive Rookie of the Season,1,PLC,jig,0.2094
MLTP S26,Offensive Rookie of the Season,2,LAB,Skwid,0.1709
MLTP S26,Offensive Rookie of the Season,3,MIA,inthesomeday,0.1624
MLTP S26,Defensive Rookie of the Season,1,HGB,Luv(sic),0.3176
MLTP S26,Defensive Rookie of the Season,2,LAB,sonder,0.2361
MLTP S26,Defensive Rookie of the Season,3,,Butter,0.2232
MLTP S26,Defensive Rookie of the Season,3,,Dusk,0.2232
MLTP S26,5th Ball,1,HGB,dusk,0.3482
MLTP S26,5th Ball,2,,Pnaoxt,0.2366
MLTP S26,5th Ball,3,,Zig!,0.1429
MLTP S26,5th Ball,3,,Deafheaven,0.1429
MLTP S26,Well Rounded,1,,`,0.1845
MLTP S26,Well Rounded,2,MIA,Maru,0.1202
MLTP S26,Well Rounded,3,RST,Ty,0.1073
MLTP S26,Most Improved,1,,Boat,0.2117
MLTP S26,Most Improved,2,HGB,Luv(sic),0.1847
MLTP S26,Most Improved,3,MIA,inthesomeday,0.1622
MLTP S26,Best Valued,1,HGB,Luv(sic),0.1548
MLTP S26,Best Valued,2,LAB,Skwid,0.1297
MLTP S26,Best Valued,3,,`,0.1255
MLTP S26,Best Offense Pair,1,,Maru,0.3653
MLTP S26,Best Offense Pair,1,,inthesomeday,0.3653
MLTP S26,Best Offense Pair,2,,Ball-erina,0.2648
MLTP S26,Best Offense Pair,2,,Skwid,0.2648
MLTP S26,Best Offense Pair,3,,kool aid,0.2511
MLTP S26,Best Offense Pair,3,,Sadness,0.2511
MLTP S26,Best Defense Pair,1,,Doris,0.3393
MLTP S26,Best Defense Pair,1,,Luv(sic),0.3393
MLTP S26,Best Defense Pair,2,,Boat,0.3214
MLTP S26,Best Defense Pair,2,,Curry,0.3214
MLTP S26,Best Defense Pair,3,,`,0.1920
MLTP S26,Best Defense Pair,3,,dusk,0.1920
MLTP S26,FU GASP,1,RST,Ty,0.2444
MLTP S26,FU GASP,2,LAB,Cheetosrule,0.1778
MLTP S26,FU GASP,3,QUE,Sadness,0.1556
MLTP S26,Best Captain,1,,Prime,0.2617
MLTP S26,Best Captain,2,,Poeticalto,0.1776
MLTP S26,Best Captain,3,,victor messi,0.1682
MLTP S26,Most Cohesive Unit,1,Miami Ballphins,,0.1957
MLTP S26,Most Cohesive Unit,2,The Knights who Say Re,,0.1872
MLTP S26,Most Cohesive Unit,3,Harlem Globebotters,,0.1745
MLTP S26,Best Streamer,1,,Hjalpa,0.2593
MLTP S26,Best Streamer,2,,mex,0.1991
MLTP S26,Best Streamer,3,,Flaccid Trip,0.1852
MLTP S26,Best Commentator,1,,Crippy,0.2377
MLTP S26,Best Commentator,2,,mex,0.1928
MLTP S26,Best Commentator,3,RLL,Gleg,0.1659
MLTP S26,Behind the Scenes,1,,d0pe,0.3053
MLTP S26,Behind the Scenes,1,,Spheroid.,0.3053
MLTP S26,Behind the Scenes,2,,777z,0.2699
MLTP S26,Behind the Scenes,3,,refined,0.1770
MLTP S26,All-Stars [Offense],1,,Maru,0.8100
MLTP S26,All-Stars [Offense],2,,kool aid,0.8100
MLTP S26,All-Stars [Offense],3,,Ball-erina,0.6900
MLTP S26,All-Stars [Offense],4,,jig,0.5000
MLTP S26,All-Stars [Offense],5,,inthesomeday,0.4760
MLTP S26,All-Stars [Defense],1,,Doris,0.8780
MLTP S26,All-Stars [Defense],2,,Boat,0.6830
MLTP S26,All-Stars [Defense],3,,Curry,0.6830
MLTP S26,All-Stars [Defense],4,,`,0.6340
MLTP S26,All-Stars [Defense],5,,Agency,0.4880
mLTP S26,MVB,1,HGB,Dusk,0.2357
mLTP S26,MVB,2,RLL,jUKe JUIce,0.1656
mLTP S26,MVB,3,HGB,rake,0.1529
mLTP S26,Offensive Ball of the Season,1,RLL,jUKe JUIce,0.2434
mLTP S26,Offensive Ball of the Season,2,HGB,rake,0.1711
mLTP S26,Offensive Ball of the Season,3,QUE,king krule,0.1513
mLTP S26,Defensive Ball of the Season,1,HGB,Dusk,0.2792
mLTP S26,Defensive Ball of the Season,2,RLL,Gleg,0.1688
mLTP S26,Defensive Ball of the Season,3,,Disliked,0.1364
mLTP S26,Offensive Rookie of the Season,1,HGB,rake,0.3289
mLTP S26,Offensive Rookie of the Season,2,HGB,b1g,0.2953
mLTP S26,Offensive Rookie of the Season,3,RLL,JSwan,0.2617
mLTP S26,Defensive Rookie of the Season,1,QUE,Niplepotamus,0.6106
mLTP S26,Defensive Rookie of the Season,2,KSR,CatPuke,0.3894
mLTP S26,5th Ball,1,,Irony,0.5200
mLTP S26,5th Ball,2,,bergieberg,0.4800
mLTP S26,Well Rounded,1,HGB,Dusk,0.1975
mLTP S26,Well Rounded,2,QUE,DUMPTRUCKASS,0.1720
mLTP S26,Well Rounded,3,HGB,rake,0.1083
mLTP S26,Most Improved,1,HGB,rake,0.3786
mLTP S26,Most Improved,2,RLL,Gleg,0.2929
mLTP S26,Most Improved,3,QUE,king krule,0.2643
mLTP S26,Best Valued,1,QUE,KING KRULE,0.2517
mLTP S26,Best Valued,2,HGB,rake,0.2448
mLTP S26,Best Valued,3,,Disliked,0.1748
mLTP S26,Best Offense Pair,1,,Juke Juice,0.3333
mLTP S26,Best Offense Pair,1,,JSwan,0.3333
mLTP S26,Best Offense Pair,2,,Sadness,0.2815
mLTP S26,Best Offense Pair,2,,KING KRULE,0.2815
mLTP S26,Best Offense Pair,3,,rake,0.2000
mLTP S26,Best Offense Pair,3,,b1g,0.2000
mLTP S26,Best Defense Pair,1,,Dusk,0.3262
mLTP S26,Best Defense Pair,1,,GRIZZLE,0.3262
mLTP S26,Best Defense Pair,2,,DUMPTRUCKASS,0.2270
mLTP S26,Best Defense Pair,2,,Niplepotamus,0.2270
mLTP S26,Best Defense Pair,3,,St. Bernard,0.1844
mLTP S26,Best Defense Pair,3,,hz,0.1844
mLTP S26,FU GASP,1,QUE,Sadness,0.2566
mLTP S26,FU GASP,2,HGB,b1g,0.1645
mLTP S26,FU GASP,3,RST,ASAP,0.1513
mLTP S26,Most Cohesive Unit,1,??,,0.2158
mLTP S26,Most Cohesive Unit,2,Rolling Loud,,0.2014
mLTP S26,Most Cohesive Unit,3,Harlem Globebotters,,0.1727
mLTP S26,Best Captain,1,,no name,0.2105
mLTP S26,Best Captain,2,,Hjalpa,0.1880
mLTP S26,Best Captain,3,,Prime,0.1729
mLTP S26,All-Stars [Offense],1,,juke juice,0.7860
mLTP S26,All-Stars [Offense],2,,rake,0.6070
mLTP S26,All-Stars [Offense],3,,king krule,0.6070
mLTP S26,All-Stars [Offense],4,,JSwan,0.5710
mLTP S26,All-Stars [Offense],5,,ASAP,0.4290
mLTP S26,All-Stars [Defense],1,,Dusk,0.6070
mLTP S26,All-Stars [Defense],2,,Gleg,0.5360
mLTP S26,All-Stars [Defense],3,,Disliked,0.4640
mLTP S26,All-Stars [Defense],4,,Niplepotamus,0.3930
mLTP S26,All-Stars [Defense],5,,St. Bernard,0.3210
NLTP S26,MVB,1,WTP,Homie,0.3714
NLTP S26,MVB,2,MSB,2TrnipsnHeat,0.2742
NLTP S26,MVB,3,WTP,flaccid trip,0.1092
NLTP S26,Offensive Ball of the Season,1,WTP,flaccid trip,0.3879
NLTP S26,Offensive Ball of the Season,2,MSB,2TrnipsnHeat,0.3104
NLTP S26,Offensive Ball of the Season,3,BCC,Adarssh,0.0845
NLTP S26,Defensive Ball of the Season,1,WTP,Homie,0.4505
NLTP S26,Defensive Ball of the Season,2,MIA,JARVISLANDRY,0.2037
NLTP S26,Defensive Ball of the Season,3,MSB,Hibana,0.0896
NLTP S26,Rookie of the Season,1,WTP,RedKillTiger,0.3651
NLTP S26,Rookie of the Season,2,MSB,Hibana,0.3020
NLTP S26,Rookie of the Season,3,LST,Button,0.2498
NLTP S26,Well Rounded,1,ODD,Irony,0.2775
NLTP S26,Well Rounded,2,MSB,2TrnipsnHeat,0.2236
NLTP S26,Well Rounded,3,MSB,Poeticalto,0.1306
NLTP S26,Most Improved,1,WTP,RedKillTiger,0.2844
NLTP S26,Most Improved,2,WTP,flaccid trip,0.2719
NLTP S26,Most Improved,3,TLF,JH13,0.1053
NLTP S26,Best Valued,1,PUP,WRIG,0.2481
NLTP S26,Best Valued,2,WTP,Grommit,0.2445
NLTP S26,Best Valued,3,MSB,Hibana,0.1052
NLTP S26,Best Offense Pair,1,,flaccid trip,0.4096
NLTP S26,Best Offense Pair,1,,Grommit,0.4096
NLTP S26,Best Offense Pair,2,,2TrnpsInHeat,0.3438
NLTP S26,Best Offense Pair,2,,Wario,0.3438
NLTP S26,Best Offense Pair,3,,IPlannedThat,0.1209
NLTP S26,Best Offense Pair,3,,LAGITRON,0.1209
NLTP S26,Best Defense Pair,1,,Homie,0.4611
NLTP S26,Best Defense Pair,1,,RedKillTiger,0.4611
NLTP S26,Best Defense Pair,2,,Poeticalto,0.1795
NLTP S26,Best Defense Pair,2,,Hibana,0.1795
NLTP S26,Best Defense Pair,3,,Rick G. #853,0.1345
NLTP S26,Best Defense Pair,3,,Ralph Wiggum,0.1345
NLTP S26,FU GASP,1,BCC,Rick G. #853,0.3217
NLTP S26,FU GASP,2,MIA,depptonic,0.1821
NLTP S26,FU GASP,3,TLF,HerSwayTwerk,0.1170
NLTP S26,Position Change,1,LBT,AnthonyDavis,0.4397
NLTP S26,Position Change,2,ODD,Irony,0.1535
NLTP S26,Position Change,3,LBT,bergieberg,0.1496
NLTP S26,Best Captain,1,BCC,Rick G. #853,0.3329
NLTP S26,Best Captain,2,,Gleg,0.2084
NLTP S26,Best Captain,2,,no-name,0.2084
NLTP S26,Best Captain,3,,rob delaney,0.1435
NLTP S26,Best Captain,3,,Agency,0.1435
NLTP S26,Best Co-Captain,1,,FLY,0.2672
NLTP S26,Best Co-Captain,2,,Dusk,0.1795
NLTP S26,Best Co-Captain,3,,Sir Cle Jerk,0.1575
NLTP S26,Most Cohesive Unit,1,Bohemian Cap City,,0.2639
NLTP S26,Most Cohesive Unit,2,Weed the People,,0.2310
NLTP S26,Most Cohesive Unit,3,Misaki Bombs,,0.2134
NLTP S26,Best Streamer,1,,Hjalpa,0.3172
NLTP S26,Best Streamer,2,,Balled Eagle,0.2427
NLTP S26,Best Streamer,3,WTP,flaccid trip,0.1556
NLTP S26,Heart Award,1,LST,KahnMan,0.2929
NLTP S26,Heart Award,2,BCC,Rick G. #853,0.1294
NLTP S26,Heart Award,3,PUP,WRIG,0.1293
NLTP S26,Behind the Scenes,1,,NLTP Newsroom,0.2931
NLTP S26,Behind the Scenes,2,WTP,flaccid trip,0.2733
NLTP S26,Behind the Scenes,3,,GnasStrafDel,0.1764
NLTP S26,Behind the Scenes,3,,victor messi,0.1764
NLTP S26,All-Stars [Offense],1,,flaccid trip,0.9140
NLTP S26,All-Stars [Offense],2,,2TrnipsnHeat,0.8570
NLTP S26,All-Stars [Offense],3,,IPlannedThat,0.5710
NLTP S26,All-Stars [Offense],4,,Grommit,0.4570
NLTP S26,All-Stars [Offense],5,,Killjoy,0.4570
NLTP S26,All-Stars [Defense],1,,Homie,0.8570
NLTP S26,All-Stars [Defense],2,,RedKillTiger,0.5140
NLTP S26,All-Stars [Defense],3,,360broscope,0.4570
NLTP S26,All-Stars [Defense],4,,WRIG,0.4290
NLTP S26,All-Stars [Defense],5,,Ralph Wiggum,0.4290
NLTP B S26,MVB,1,TLF,LogisticMap,0.3166
NLTP B S26,MVB,2,BCC,Cel,0.2440
NLTP B S26,MVB,3,ODD,gh0st,0.1395
NLTP B S26,Offensive Ball of the Season,1,BCC,Cel,0.3199
NLTP B S26,Offensive Ball of the Season,2,LBT,kl,0.1938
NLTP B S26,Offensive Ball of the Season,3,TLF,Jer32,0.1507
NLTP B S26,Defensive Ball of the Season,1,LBT,APthatsME.,0.2764
NLTP B S26,Defensive Ball of the Season,2,TLF,LogisticMap,0.2672
NLTP B S26,Defensive Ball of the Season,3,ODD,gh0st,0.1783
NLTP B S26,Rookie of the Season,1,WTP,SilentOne,0.3656
NLTP B S26,Rookie of the Season,2,DNO,Scorch,0.2956
NLTP B S26,Rookie of the Season,3,WTP,MC Ride,0.1940
NLTP B S26,Well Rounded,1,TLF,LogisticMap,0.1895
NLTP B S26,Well Rounded,2,MSB,ThanOs Ball,0.1845
NLTP B S26,Well Rounded,3,LST,Borgus,0.1404
NLTP B S26,Most Improved,1,ODD,Spheroid.,0.1955
NLTP B S26,Most Improved,2,PUP,kolmogorov,0.1917
NLTP B S26,Most Improved,3,LBT,Conj,0.1879
NLTP B S26,Best Valued,1,MSB,sweatypete,0.2333
NLTP B S26,Best Valued,2,BCC,GnaStrafDel,0.1829
NLTP B S26,Best Valued,3,PUP,kolmogorov,0.1619
NLTP B S26,Position Change,1,BCC,Cel,0.3693
NLTP B S26,Position Change,2,TLF,LogisticMap,0.3191
NLTP B S26,Position Change,3,BCC,o o l e r,0.1891
NLTP B S26,Best Offense Pair,1,,kl,0.3033
NLTP B S26,Best Offense Pair,1,,omnivore,0.3033
NLTP B S26,Best Offense Pair,1,,garet,0.3033
NLTP B S26,Best Offense Pair,1,,savage,0.3033
NLTP B S26,Best Offense Pair,2,,cel,0.2686
NLTP B S26,Best Offense Pair,2,,o o l e r,0.2686
NLTP B S26,Best Offense Pair,2,,gnasstrafdel,0.2686
NLTP B S26,Best Offense Pair,3,,jer32,0.0961
NLTP B S26,Best Offense Pair,3,,sorry l suck,0.0961
NLTP B S26,Best Offense Pair,3,,victor messi,0.0961
NLTP B S26,Best Defense Pair,1,,AP,0.2477
NLTP B S26,Best Defense Pair,1,,Conj,0.2477
NLTP B S26,Best Defense Pair,1,,Tinder,0.2477
NLTP B S26,Best Defense Pair,2,,borgus,0.1795
NLTP B S26,Best Defense Pair,2,,gospelofjuke,0.1795
NLTP B S26,Best Defense Pair,2,,smoji_,0.1795
NLTP B S26,Best Defense Pair,3,,im a goat,0.1666
NLTP B S26,Best Defense Pair,3,,im radical,0.1666
NLTP B S26,FU GASP,1,DNO,Noice!!,0.4326
NLTP B S26,FU GASP,2,ODD,smallyBIGS,0.2347
NLTP B S26,FU GASP,3,WTP,MC Ride,0.1516
NLTP B S26,Most Cohesive Unit,1,The Last Flairbenders,,0.2635
NLTP B S26,Most Cohesive Unit,2,Bohemian Cap City,,0.2269
NLTP B S26,Most Cohesive Unit,3,The Land Before Timers,,0.1951
NLTP B S26,All-Stars [Offense],1,,Cel,0.8420
NLTP B S26,All-Stars [Offense],2,,OD GOD,0.5530
NLTP B S26,All-Stars [Offense],3,,kl,0.5530
NLTP B S26,All-Stars [Offense],4,,Omnivore,0.5260
NLTP B S26,All-Stars [Offense],5,,Jer32,0.4740
NLTP B S26,All-Stars [Offense],4,,sweatypete,0.3160
NLTP B S26,All-Stars [Offense],5,,GnasStrafDel,0.2370
NLTP B S26,All-Stars [Defense],1,,APthatsME.,
NLTP B S26,All-Stars [Defense],2,,LogisticMap,
NLTP B S26,All-Stars [Defense],3,,gh0st,
NLTP B S26,All-Stars [Defense],4,,SilentOne,
NLTP B S26,All-Stars [Defense],5,,Porps,
NLTP B S26,All-Stars [Defense],4,,Conj,
NLTP B S26,All-Stars [Defense],5,,Hadouken!,
MLTP S29,MVB,1,MIA,DT,0.4374
MLTP S29,MVB,2,LBT,Wanye,0.2960
MLTP S29,MVB,3,LAB,NEB.,0.1502
MLTP S29,Offensive Ball of the Season,1,LBT,Wanye,0.4564
MLTP S29,Offensive Ball of the Season,2,HGW,d0pe,0.2570
MLTP S29,Offensive Ball of the Season,3,CBS,jig,0.1521
MLTP S29,Defensive Ball of the Season,1,LAB,DAD.,0.3981
MLTP S29,Defensive Ball of the Season,2,CBS,Butter,0.2772
MLTP S29,Defensive Ball of the Season,3,RED,FM,0.1322
MLTP S29,Offensive Rookie of the Season,1,ABO,kl,0.5851
MLTP S29,Offensive Rookie of the Season,2,ETT,Anti-re,0.4149
MLTP S29,Defensive Rookie of the Season,1,,KaIeb,0.5867
MLTP S29,Defensive Rookie of the Season,2,HGW,Prime,0.4133
MLTP S29,Well Rounded,1,MIA,DT,0.4372
MLTP S29,Well Rounded,2,LBT,Wanye,0.2688
MLTP S29,Well Rounded,3,LAB,NEB.,0.1625
MLTP S29,Best Valued,1,LAB,2P1S,0.4052
MLTP S29,Best Valued,2,SNI,no name,0.3020
MLTP S29,Best Valued,3,,Ty,0.1465
MLTP S29,Best Captain,1,,Curry,0.4074
MLTP S29,Best Captain,1,,Scorch,0.4074
MLTP S29,Best Captain,2,,Tinderfella,0.2605
MLTP S29,Best Captain,2,,Fender,0.2605
MLTP S29,Best Captain,3,,Victor Messi,0.1757
MLTP S29,5th Ball,1,ABO,kl,0.4613
MLTP S29,5th Ball,2,ETT,flaccid trip,0.3199
MLTP S29,5th Ball,3,HGW,Prime,0.2187
MLTP S29,Most Improved,1,SNI,no name,0.4002
MLTP S29,Most Improved,2,LBT,200 Cacti,0.2481
MLTP S29,Most Improved,3,CBS,Butter,0.1595
MLTP S29,FU GASP,1,SNI,Alphachurro,0.3924
MLTP S29,FU GASP,2,LAB,Kei Yonagi,0.2485
MLTP S29,FU GASP,3,LBT,aaron,0.1394
MLTP S29,Position Change,1,LBT,Wanye,0.4366
MLTP S29,Position Change,2,SNI,no name,0.3076
MLTP S29,Position Change,3,CBS,jig,0.1631
MLTP S29,Best Offense Pair,1,LBT,Wanye,0.4213
MLTP S29,Best Offense Pair,1,LBT,200 Cacti,0.4213
MLTP S29,Best Offense Pair,2,MIA,DT,0.2749
MLTP S29,Best Offense Pair,2,MIA,ez,0.2749
MLTP S29,Best Offense Pair,3,HGW,Corbeh,0.1583
MLTP S29,Best Offense Pair,3,HGW,d0pe,0.1583
MLTP S29,Best Defense Pair,1,LAB,NEB.,0.4288
MLTP S29,Best Defense Pair,1,LAB,DAD.,0.4288
MLTP S29,Best Defense Pair,2,SNI,Alphachurro,0.3015
MLTP S29,Best Defense Pair,2,SNI,no name,0.3015
MLTP S29,Best Defense Pair,3,CBS,Butter,0.1576
MLTP S29,Best Defense Pair,3,CBS,q42,0.1576
MLTP S29,Most Cohesive Unit,1,Eternal Turtle,,0.4145
MLTP S29,Most Cohesive Unit,2,Los Ankeles Breakers,,0.2873
MLTP S29,Most Cohesive Unit,3,The Land Before Timers,,0.1542
MLTP S29,Best Co-Captain,1,RED,FM,0.3924
MLTP S29,Best Co-Captain,2,MIA,DT,0.3062
MLTP S29,Best Co-Captain,3,LBT,Wanye,0.1963
MLTP S29,Best Streamer,1,,Hjalpa,0.2672
MLTP S29,Best Streamer,2,,BalledEagle,0.1792
MLTP S29,Best Streamer,3,,Jack Dandy,0.1443
MLTP S29,Best Commentator,1,,Jack Dandy,0.1658
MLTP S29,Best Commentator,2,,Hjalpa,0.1614
MLTP S29,Best Commentator,3,,FLY,0.1584
MLTP S29,Behind the Scenes,1,,Fender,0.4192
MLTP S29,Behind the Scenes,2,,i love HD,0.3125
MLTP S29,Behind the Scenes,3,,BallAnka,0.2007
MLTP S29,All-Stars [Offense],1,,Wanye,0.8240
MLTP S29,All-Stars [Offense],2,,jig,0.7060
MLTP S29,All-Stars [Offense],3,,DT,0.6760
MLTP S29,All-Stars [Offense],4,,d0pe,0.5590
MLTP S29,All-Stars [Offense],5,,2P1S,0.2940
MLTP S29,All-Stars [Defense],1,,NEB.,0.6290
MLTP S29,All-Stars [Defense],2,,DAD.,0.6000
MLTP S29,All-Stars [Defense],3,,Butter,0.5710
MLTP S29,All-Stars [Defense],4,,no name,0.4290
MLTP S29,All-Stars [Defense],5,,Alphachurro,0.4000
mLTP S29,MVB,1,RAT,flaccid trip,0.4246
mLTP S29,MVB,2,CCB,tha king,0.2692
mLTP S29,MVB,3,KNC,just friends,0.1570
mLTP S29,Offensive Ball of the Season,1,KNC,just friends,0.4007
mLTP S29,Offensive Ball of the Season,2,RAT,Scorch,0.3289
mLTP S29,Offensive Ball of the Season,3,CCB,depptonic,0.1346
mLTP S29,Defensive Ball of the Season,1,CCB,tha king,0.3965
mLTP S29,Defensive Ball of the Season,2,RAT,flaccid trip,0.3143
mLTP S29,Defensive Ball of the Season,3,NUK,GtR,0.1632
mLTP S29,Offensive Rookie of the Season,1,,awooooooooga,0.4641
mLTP S29,Offensive Rookie of the Season,2,KNC,sweatypete,0.2806
mLTP S29,Offensive Rookie of the Season,3,CBS,Gnas,0.1851
mLTP S29,Defensive Rookie of the Season,1,CCB,tha king,0.4700
mLTP S29,Defensive Rookie of the Season,2,RAT,ballsack123,0.3233
mLTP S29,Defensive Rookie of the Season,3,CCB,Rick G. #853,0.1672
mLTP S29,Well Rounded,1,TGB,TheEpicBlob,0.3817
mLTP S29,Well Rounded,2,KNC,BallAnka,0.2762
mLTP S29,Well Rounded,3,BLU,spacetiger,0.1389
mLTP S29,Best Valued,1,CCB,depptonic,0.3771
mLTP S29,Best Valued,2,RAT,ballsack123,0.2844
mLTP S29,Best Valued,3,BOT,RKT,0.1406
mLTP S29,Best Captain,1,,flaccid trip,0.4224
mLTP S29,Best Captain,1,,ASAP,0.4224
mLTP S29,Best Captain,2,CCB,Rick G. #853,0.2799
mLTP S29,Best Captain,3,,Vader,0.1287
mLTP S29,5th Ball,1,KNC,just friends,0.4437
mLTP S29,5th Ball,2,,awooooooooga,0.3270
mLTP S29,5th Ball,3,TRT,Ducky,0.2294
mLTP S29,Most Improved,1,RAT,Scorch,0.4273
mLTP S29,Most Improved,2,TGB,Sir Cle Jerk,0.2473
mLTP S29,Most Improved,3,BOT,RKT,0.1460
mLTP S29,FU GASP,1,LBT,might dino,0.3907
mLTP S29,FU GASP,2,HGW,Prime,0.2588
mLTP S29,FU GASP,3,NUK,RedBull,0.1523
mLTP S29,Position Change,1,RAT,Scorch,0.4526
mLTP S29,Position Change,2,RAT,flaccid trip,0.3064
mLTP S29,Position Change,3,TGB,TheEpicBlob,0.1478
mLTP S29,Best Offense Pair,1,RAT,Scorch,0.4467
mLTP S29,Best Offense Pair,1,RAT,CatPuke,0.4467
mLTP S29,Best Offense Pair,2,CCB,boogie,0.2717
mLTP S29,Best Offense Pair,2,CCB,depptonic,0.2717
mLTP S29,Best Offense Pair,3,KNC,just friends,0.1450
mLTP S29,Best Offense Pair,3,KNC,sweatypete,0.1450
mLTP S29,Best Defense Pair,1,RAT,flaccid trip,0.4262
mLTP S29,Best Defense Pair,1,RAT,ballsack123,0.4262
mLTP S29,Best Defense Pair,2,CCB,tha king,0.2982
mLTP S29,Best Defense Pair,2,CCB,Rick G. #853,0.2982
mLTP S29,Best Defense Pair,3,ROJ,bbb,0.1232
mLTP S29,Best Defense Pair,3,ROJ,HYPE,0.1232
mLTP S29,Most Cohesive Unit,1,Eternal Turtle,,0.4063
mLTP S29,Most Cohesive Unit,2,Pugrats,,0.3066
mLTP S29,Most Cohesive Unit,3,Cap City in Blue,,0.1593
mLTP S29,Best Co-Captain,1,,i love HD,0.4506
mLTP S29,Best Co-Captain,2,,Homie,0.3010
mLTP S29,Best Co-Captain,3,ROJ,bbb,0.1600
mLTP S29,All-Stars [Offense],1,,Scorch,0.9090
mLTP S29,All-Stars [Offense],2,,just friends,0.6360
mLTP S29,All-Stars [Offense],3,,CatPuke,0.6360
mLTP S29,All-Stars [Offense],4,,boogie,0.5150
mLTP S29,All-Stars [Offense],5,,depptonic,0.3940
mLTP S29,All-Stars [Defense],1,,flaccid trip,0.8240
mLTP S29,All-Stars [Defense],2,,tha king,0.7060
mLTP S29,All-Stars [Defense],3,,GtR,0.5290
mLTP S29,All-Stars [Defense],4,,ballsack123,0.5000
mLTP S29,All-Stars [Defense],5,,bbb,0.4120
NLTP S29,MVB,1,RTJ,awooooooooga,0.4303
NLTP S29,MVB,2,LBT,Kasli,0.2629
NLTP S29,MVB,3,LBT,YaredyLost,0.1477
NLTP S29,Offensive Ball of the Season,1,RTJ,awooooooooga,0.4363
NLTP S29,Offensive Ball of the Season,2,LBT,YaredyLost,0.2829
NLTP S29,Offensive Ball of the Season,3,,Moto Moto,0.1266
NLTP S29,Defensive Ball of the Season,1,KRT,Ducky,0.4060
NLTP S29,Defensive Ball of the Season,2,RTJ,Russ,0.2663
NLTP S29,Defensive Ball of the Season,3,LBT,Kasli,0.1482
NLTP S29,Offensive Rookie of the Season,1,LBT,YaredyLost,0.4340
NLTP S29,Offensive Rookie of the Season,2,RTJ,awooooooooga,0.3353
NLTP S29,Offensive Rookie of the Season,3,,Moto Moto,0.1572
NLTP S29,Defensive Rookie of the Season,1,LBT,Kasli,0.4582
NLTP S29,Defensive Rookie of the Season,2,RTJ,Russ,0.3354
NLTP S29,Defensive Rookie of the Season,3,,G.O.A.T.,0.1430
NLTP S29,Well Rounded,1,,Rumpski,0.3697
NLTP S29,Well Rounded,2,,AdmaniaYT,0.2645
NLTP S29,Well Rounded,3,LBT,Kasli,0.1921
NLTP S29,Best Valued,1,LBT,YaredyLost,0.3998
NLTP S29,Best Valued,2,RTJ,awooooooooga,0.3124
NLTP S29,Best Valued,3,LBT,Kasli,0.1620
NLTP S29,Best Captain,1,LBT,Tinderfella,0.4069
NLTP S29,Best Captain,1,LBT,Fender,0.4069
NLTP S29,Best Captain,2,AIC,icePlatypus,0.3041
NLTP S29,Best Captain,2,AIC,jig,0.3041
NLTP S29,Best Captain,2,AIC,Amy,0.3041
NLTP S29,Best Captain,3,CBS,Gnas,0.1567
NLTP S29,5th Ball,1,,Chalksy,0.4904
NLTP S29,5th Ball,2,,Morpheus,0.3147
NLTP S29,5th Ball,3,,Dirichlet,0.1949
NLTP S29,Most Improved,1,,Robiny,0.4135
NLTP S29,Most Improved,2,LBT,Jarek,0.2806
NLTP S29,Most Improved,3,RTJ,PASSTHEFLAG,0.1477
NLTP S29,FU GASP,1,,AdmaniaYT,0.3643
NLTP S29,FU GASP,2,LBT,Chrysalis,0.2619
NLTP S29,FU GASP,3,,Strider,0.1405
NLTP S29,Position Change,1,,bearcum,0.4743
NLTP S29,Position Change,2,MIA,Spheroid.,0.3345
NLTP S29,Position Change,3,RTJ,megapoop22TV,0.1912
NLTP S29,Best Offense Pair,1,RTJ,awooga,0.4385
NLTP S29,Best Offense Pair,1,RTJ,PTF,0.4385
NLTP S29,Best Offense Pair,1,RTJ,MarcusYallow,0.4385
NLTP S29,Best Offense Pair,2,LBT,Jarek,0.3143
NLTP S29,Best Offense Pair,2,LBT,YaredyLost,0.3143
NLTP S29,Best Offense Pair,2,LBT,Sweg',0.3143
NLTP S29,Best Offense Pair,2,LBT,SAMMY,0.3143
NLTP S29,Best Offense Pair,3,AIC,bearcum,0.1587
NLTP S29,Best Offense Pair,3,AIC,perpndicular,0.1587
NLTP S29,Best Offense Pair,3,AIC,Strider,0.1587
NLTP S29,Best Offense Pair,3,AIC,comet,0.1587
NLTP S29,Best Defense Pair,1,LBT,Ducky,0.4261
NLTP S29,Best Defense Pair,1,LBT,Kasli,0.4261
NLTP S29,Best Defense Pair,1,LBT,RAMOS,0.4261
NLTP S29,Best Defense Pair,2,RTJ,Mueller,0.2866
NLTP S29,Best Defense Pair,2,RTJ,Russ,0.2866
NLTP S29,Best Defense Pair,2,RTJ,megapoop22TV,0.2866
NLTP S29,Best Defense Pair,3,CBS,MisterPeanut,0.1624
NLTP S29,Best Defense Pair,3,CBS,Chrysalis,0.1624
NLTP S29,Best Defense Pair,3,CBS,mrpieface,0.1624
NLTP S29,Most Cohesive Unit,1,The Land Before Timers,,0.4165
NLTP S29,Most Cohesive Unit,2,Returns of the Jedi,,0.3160
NLTP S29,Most Cohesive Unit,3,Converse Ballstars,,0.1491
NLTP S29,Best Co-Captain,1,,Sadness,0.4388
NLTP S29,Best Co-Captain,2,,Corbeh,0.2768
NLTP S29,Best Co-Captain,3,,Jer32,0.2154
NLTP S29,All-Stars [Offense],1,,awooooooooga,0.7500
NLTP S29,All-Stars [Offense],2,,YaredyLost,0.7220
NLTP S29,All-Stars [Offense],3,,bearcum,0.4720
NLTP S29,All-Stars [Offense],4,,Jarek,0.3890
NLTP S29,All-Stars [Offense],5,,Moto Moto,0.3610
NLTP S29,All-Stars [Defense],1,,Ducky,0.8060
NLTP S29,All-Stars [Defense],2,,Russ,0.5280
NLTP S29,All-Stars [Defense],3,,Kasli,0.5000
NLTP S29,All-Stars [Defense],4,,MisterPeanut,0.4440
NLTP S29,All-Stars [Defense],5,,Spheroid.,0.3890
MLTP S30,MVB,1,AIC,BALLDON'TLIE,0.2339
MLTP S30,MVB,2,HGW,CarrotCake,0.1457
MLTP S30,MVB,3,CBS,tng.,0.1416
MLTP S30,Offensive Ball of the Season,1,AIC,BALLDON'TLIE,0.3110
MLTP S30,Offensive Ball of the Season,2,CBS,tng.,0.1388
MLTP S30,Offensive Ball of the Season,3,HGW,Messi,0.1340
MLTP S30,Defensive Ball of the Season,1,CBS,teb,0.2424
MLTP S30,Defensive Ball of the Season,2,CBS,sonder,0.1667
MLTP S30,Defensive Ball of the Season,3,MIA,Alphachurro,0.1566
MLTP S30,Offensive Rookie of the Season,1,VGT,rake,1.0000
MLTP S30,Defensive Rookie of the Season,1,CBS,teb,0.4199
MLTP S30,Defensive Rookie of the Season,2,OKN,Poeticalto,0.2597
MLTP S30,Defensive Rookie of the Season,3,ICJ,tha king,0.2044
MLTP S30,Well Rounded,1,CBS,sonder,0.2266
MLTP S30,Well Rounded,2,AIC,jig,0.1970
MLTP S30,Well Rounded,3,HGW,CarrotCake,0.1379
MLTP S30,Best Valued,1,CBS,sonder,0.2423
MLTP S30,Best Valued,2,CBS,teb,0.2165
MLTP S30,Best Valued,3,HGW,TopG,0.1753
MLTP S30,Best Captain,1,,"Curry, refined, mex",0.2670
MLTP S30,Best Captain,2,,"IcePlatypus, smoji",0.1832
MLTP S30,Best Captain,3,,Gnas,0.1623
MLTP S30,5th Ball,1,OPH,NameLEss,0.3671
MLTP S30,5th Ball,2,NUK,Turbo,0.1691
MLTP S30,5th Ball,3,MIA,deku,0.1643
MLTP S30,Most Improved,1,CBS,teb,0.2589
MLTP S30,Most Improved,2,CBS,sonder,0.1929
MLTP S30,Most Improved,3,HGW,Messi,0.1574
MLTP S30,FU GASP,1,CBS,ASAP,0.2198
MLTP S30,FU GASP,2,AIC,Arbybear,0.1319
MLTP S30,FU GASP,3,NUK,DAD.,0.1154
MLTP S30,Position Change,1,HGW,CarrotCake,0.2591
MLTP S30,Position Change,2,HGW,TopG,0.1813
MLTP S30,Position Change,3,AIC,jig,0.1762
MLTP S30,Best Offense Pair,1,AIC,BALLDON'TLIE,0.2742
MLTP S30,Best Offense Pair,1,AIC,jig,0.2742
MLTP S30,Best Offense Pair,2,HGW,Messi,0.2204
MLTP S30,Best Offense Pair,2,HGW,CarrotCake,0.2204
MLTP S30,Best Offense Pair,3,CBS,tng.,0.1882
MLTP S30,Best Offense Pair,3,CBS,ASAP,0.1882
MLTP S30,Best Defense Pair,1,CBS,teb,0.3189
MLTP S30,Best Defense Pair,1,CBS,sonder,0.3189
MLTP S30,Best Defense Pair,2,HGW,TopG,0.1892
MLTP S30,Best Defense Pair,2,HGW,waterwheel,0.1892
MLTP S30,Best Defense Pair,3,AIC,NameLEss,0.1514
MLTP S30,Best Defense Pair,3,AIC,Arbybear,0.1514
MLTP S30,Most Cohesive Unit,1,Converse Ballstars,,0.2674
MLTP S30,Most Cohesive Unit,2,Holdin' Gate Warriors,,0.2460
MLTP S30,Most Cohesive Unit,3,Arctag iceCaps,,0.2139
MLTP S30,Best Co-Captain,1,MIA,Alphachurro,0.3099
MLTP S30,Best Co-Captain,2,,okthen,0.2573
MLTP S30,Best Co-Captain,3,,Gryff,0.1871
MLTP S30,Best Streamer,1,,Hjalpa,0.1371
MLTP S30,Best Streamer,2,,BallAnka,0.1239
MLTP S30,Best Streamer,3,,Balled Eagle,0.1128
MLTP S30,Best Commentator,1,,Hjalpa,0.1318
MLTP S30,Best Commentator,2,,Balled Eagle,0.1114
MLTP S30,Best Commentator,3,,okthen,0.1068
MLTP S30,Behind the Scenes,1,,flaccid trip,0.2596
MLTP S30,Behind the Scenes,2,,Cheezedoodle,0.1953
MLTP S30,Behind the Scenes,3,,Fender,0.1738
MLTP S30,All-Stars [Offense],1,,BALLDON'TLIE,0.8530
MLTP S30,All-Stars [Offense],2,,tng.,0.7350
MLTP S30,All-Stars [Offense],3,,Messi,0.6470
MLTP S30,All-Stars [Offense],4,,CarrotCake,0.5850
MLTP S30,All-Stars [Offense],5,,jig,0.4710
MLTP S30,All-Stars [Defense],1,,teb,0.7420
MLTP S30,All-Stars [Defense],2,,Alphachurro,0.7100
MLTP S30,All-Stars [Defense],3,,sonder,0.6450
MLTP S30,All-Stars [Defense],4,,TpoG,0.5160
MLTP S30,All-Stars [Defense],5,,BoldRoller,0.3230
mLTP S30,MVB,1,OPH,NameLEss,0.2284
mLTP S30,MVB,2,BOT,titan,0.2037
mLTP S30,MVB,3,HGW,waterwheel,0.1790
mLTP S30,Offensive Ball of the Season,1,HGW,waterwheel,0.2795
mLTP S30,Offensive Ball of the Season,2,BOT,titan,0.1925
mLTP S30,Offensive Ball of the Season,3,OPH,Bumballbee,0.1801
mLTP S30,Defensive Ball of the Season,1,OPH,NameLEss,0.2949
mLTP S30,Defensive Ball of the Season,2,HGB,phreak,0.1603
mLTP S30,Defensive Ball of the Season,3,ICF,flaccid trip,0.1090
mLTP S30,Offensive Rookie of the Season,1,,BallSaget,0.4247
mLTP S30,Offensive Rookie of the Season,2,ICF,TaylorWhiff,0.3493
mLTP S30,Offensive Rookie of the Season,3,AIC,smoji_,0.2260
mLTP S30,Defensive Rookie of the Season,1,ICF,Russ,0.2993
mLTP S30,Defensive Rookie of the Season,2,,Oink Oink,0.2245
mLTP S30,Defensive Rookie of the Season,3,LAB,Rudey,0.2177
mLTP S30,Well Rounded,1,,Oink Oink,0.1801
mLTP S30,Well Rounded,2,ICF,kelvin,0.1615
mLTP S30,Well Rounded,3,OPH,Chaos,0.1429
mLTP S30,Best Valued,1,OPH,bumballbee,0.2642
mLTP S30,Best Valued,2,LAB,Rudey,0.1572
mLTP S30,Best Valued,3,BOT,Super Beef,0.1195
mLTP S30,Best Captain,1,OPH,NameLEss,0.2368
mLTP S30,Best Captain,2,,kolmogorov,0.1645
mLTP S30,Best Captain,3,BOT,titan,0.1382
mLTP S30,5th Ball,1,,BallSaget,0.3399
mLTP S30,5th Ball,2,,Makin Bacon,0.3072
mLTP S30,5th Ball,3,,sweatypete,0.1569
mLTP S30,Most Improved,1,ICF,russ,0.1316
mLTP S30,Most Improved,2,HGB,phreak,0.1118
mLTP S30,Most Improved,3,BOT,Super Beef,0.1118
mLTP S30,FU GASP,1,AIC,joy.,0.1788
mLTP S30,FU GASP,2,TNW,king krule,0.1589
mLTP S30,FU GASP,3,ICF,taylorwhiff,0.1391
mLTP S30,Position Change,1,ICF,kelvin,0.2394
mLTP S30,Position Change,2,LAB,wassa,0.2113
mLTP S30,Position Change,3,BOT,super beef,0.1549
mLTP S30,Best Offense Pair,1,,titan,0.2800
mLTP S30,Best Offense Pair,1,,Super Beef,0.2800
mLTP S30,Best Offense Pair,2,,Bumballbee,0.2267
mLTP S30,Best Offense Pair,2,,sweatypete,0.2267
mLTP S30,Best Offense Pair,3,,waterwheel,0.1667
mLTP S30,Best Offense Pair,3,,kolmogorov,0.1667
mLTP S30,Best Defense Pair,1,,phreak,0.2353
mLTP S30,Best Defense Pair,1,,Makin Bacon,0.2353
mLTP S30,Best Defense Pair,2,,NameLEss,0.2157
mLTP S30,Best Defense Pair,2,,Chaos,0.2157
mLTP S30,Best Defense Pair,3,,St. Bernard,0.1242
mLTP S30,Best Defense Pair,3,,OD GOD,0.1242
mLTP S30,Most Cohesive Unit,1,Over the Pants Handoffs,,0.2564
mLTP S30,Most Cohesive Unit,2,Bottle Otters,,0.1667
mLTP S30,Most Cohesive Unit,3,Cap City in Blue,,0.1410
mLTP S30,Best Co-Captain,1,,ASAP,0.2635
mLTP S30,Best Co-Captain,2,,Robiny,0.2432
mLTP S30,Best Co-Captain,3,,Gryff,0.1351
mLTP S30,All-Stars [Offense],1,,waterwheel,
mLTP S30,All-Stars [Offense],2,,Bumballbee,
mLTP S30,All-Stars [Offense],3,,titan,
mLTP S30,All-Stars [Offense],4,,Prime,
mLTP S30,All-Stars [Offense],5,,wassa,
mLTP S30,All-Stars [Defense],1,,NameLEss,
mLTP S30,All-Stars [Defense],2,,St. Bernard,
mLTP S30,All-Stars [Defense],3,,phreak,
mLTP S30,All-Stars [Defense],4,,deku,
mLTP S30,All-Stars [Defense],5,,KahnMan,
NLTP S30,MVB,1,PUP,BallSaget,0.3564
NLTP S30,MVB,2,PUP,Oink Oink,0.1968
NLTP S30,MVB,3,PUP,Makin Bacon,0.0904
NLTP S30,Offensive Ball of the Season,1,PUP,BallSaget,0.3665
NLTP S30,Offensive Ball of the Season,2,PUP,gc,0.1152
NLTP S30,Offensive Ball of the Season,3,PTB,Sweg',0.0733
NLTP S30,Defensive Ball of the Season,1,PUP,Oink Oink,0.2737
NLTP S30,Defensive Ball of the Season,2,PUP,Makin Bacon,0.1842
NLTP S30,Defensive Ball of the Season,3,NUK,Misterpeanut,0.1263
NLTP S30,Offensive Rookie of the Season,1,PUP,gc,0.3278
NLTP S30,Offensive Rookie of the Season,2,AIC,AgnusFortis,0.2111
NLTP S30,Offensive Rookie of the Season,3,PTB,Sweg',0.1778
NLTP S30,Defensive Rookie of the Season,1,HHG,Glimmer,1.0000
NLTP S30,Well Rounded,1,PUP,Oink Oink,0.2240
NLTP S30,Well Rounded,2,PUP,BallSaget,0.1639
NLTP S30,Well Rounded,3,CBS,3.1 Thor,0.1257
NLTP S30,Best Valued,1,PUP,BallSaget,0.3169
NLTP S30,Best Valued,2,PUP,Oink Oink,0.1585
NLTP S30,Best Valued,3,PUP,gc,0.0874
NLTP S30,Best Captain,1,PUP,BoldRoller,0.3220
NLTP S30,Best Captain,1,PUP,Prime,0.3220
NLTP S30,Best Captain,1,PUP,ASAP,0.3220
NLTP S30,Best Captain,2,AIC,icePlatypus,0.2090
NLTP S30,Best Captain,2,AIC,IfYouSeekAmy,0.2090
NLTP S30,Best Captain,3,PTB,Russ,0.1299
NLTP S30,Best Captain,3,PTB,no name,0.1299
NLTP S30,5th Ball,1,PUP,JayBonita,0.2131
NLTP S30,5th Ball,2,AIC,Robiny,0.1803
NLTP S30,5th Ball,3,NOS,Scrapper8o,0.1202
NLTP S30,Most Improved,1,PUP,Oink Oink,0.2692
NLTP S30,Most Improved,2,PUP,BallSaget,0.2308
NLTP S30,Most Improved,3,PTB,Sweg',0.1758
NLTP S30,FU GASP,1,PUP,JayBonita,0.1353
NLTP S30,FU GASP,2,AIC,Robiny,0.1353
NLTP S30,FU GASP,3,HHG,JJIIZGOD,0.1294
NLTP S30,Position Change,1,PUP,Oink Oink,0.3195
NLTP S30,Position Change,2,CBS,FragrantFowl,0.1834
NLTP S30,Position Change,3,CBS,3.1 Thor,0.1479
NLTP S30,Best Offense Pair,1,,BallSaget,0.3580
NLTP S30,Best Offense Pair,1,,JayBonita,0.3580
NLTP S30,Best Offense Pair,1,,gc,0.3580
NLTP S30,Best Offense Pair,2,,passtheflag,0.1420
NLTP S30,Best Offense Pair,2,,3.1 thor,0.1420
NLTP S30,Best Offense Pair,2,,strider,0.1420
NLTP S30,Best Offense Pair,3,,sweatypete,0.1364
NLTP S30,Best Offense Pair,3,,zachhhh32,0.1364
NLTP S30,Best Defense Pair,1,,Oink Oink,0.3297
NLTP S30,Best Defense Pair,1,,Makin Bacon,0.3297
NLTP S30,Best Defense Pair,2,,MisterPeanut,0.1838
NLTP S30,Best Defense Pair,2,,Rumpski,0.1838
NLTP S30,Best Defense Pair,2,,dyd,0.1838
NLTP S30,Best Defense Pair,2,,avsy26,0.1838
NLTP S30,Best Defense Pair,3,,Corduroy,0.1351
NLTP S30,Best Defense Pair,3,,Pickle Ball,0.1351
NLTP S30,Best Defense Pair,3,,Zoomie,0.1351
NLTP S30,Most Cohesive Unit,1,Puparazzi,,0.3543
NLTP S30,Most Cohesive Unit,2,Arctag iceCaps,,0.2171
NLTP S30,Most Cohesive Unit,3,Converse Ballstars,,0.1314
NLTP S30,Best Co-Captain,1,,Sgt Ducky,0.2395
NLTP S30,Best Co-Captain,2,,Corbeh,0.2036
NLTP S30,Best Co-Captain,3,,o o l e r,0.1557
NLTP S30,All-Stars [Offense],1,,BallSaget,
NLTP S30,All-Stars [Offense],2,,sweatypete,
NLTP S30,All-Stars [Offense],3,,gc,
NLTP S30,All-Stars [Offense],4,,Sweg',
NLTP S30,All-Stars [Offense],5,,smallyBIGS,
NLTP S30,All-Stars [Defense],1,,Oink Oink,
NLTP S30,All-Stars [Defense],2,,Makin Bacon,
NLTP S30,All-Stars [Defense],3,,Misterpeanut,
NLTP S30,All-Stars [Defense],4,,clew3,
NLTP S30,All-Stars [Defense],5,,3.1 Thor,
MLTP S31,MVB,1,GRY,d0pe,0.1667
MLTP S31,MVB,2,WOP,tng.,0.1452
MLTP S31,MVB,3,GRY,inthesomeday,0.1075
MLTP S31,Offensive Ball of the Season,1,GRY,inthesomeday,0.3017
MLTP S31,Offensive Ball of the Season,2,GRY,Sadness,0.2067
MLTP S31,Offensive Ball of the Season,3,AIC,BoldRoller,0.1229
MLTP S31,Defensive Ball of the Season,1,GRY,d0pe,0.1946
MLTP S31,Defensive Ball of the Season,2,CBS,BALLDON'TLIE,0.1568
MLTP S31,Defensive Ball of the Season,3,WOP,tng.,0.1297
MLTP S31,Offensive Rookie of the Season,1,AIC,Vader,0.3500
MLTP S31,Offensive Rookie of the Season,2,UTD,vic,0.3316
MLTP S31,Offensive Rookie of the Season,3,CBS,tears,0.1393
MLTP S31,Defensive Rookie of the Season,1,AIC,bbb,0.3952
MLTP S31,Defensive Rookie of the Season,2,UTD,kelvin,0.3772
MLTP S31,Defensive Rookie of the Season,3,MIA,Scorch,0.2318
MLTP S31,Well Rounded,1,GRY,Prime,0.2595
MLTP S31,Well Rounded,2,GRY,d0pe,0.1784
MLTP S31,Well Rounded,3,UTD,ASAP,0.1622
MLTP S31,Best Valued,1,GRY,Sadness,0.1782
MLTP S31,Best Valued,2,WOP,2P1S,0.1494
MLTP S31,Best Valued,3,UTD,vic,0.1379
MLTP S31,Best Captain,1,,Djinni,0.3490
MLTP S31,Best Captain,2,,Button,0.2282
MLTP S31,Best Captain,3,,GOOBR,0.1544
MLTP S31,5th Ball,1,,Jer32,0.5282
MLTP S31,5th Ball,2,CBS,Irony,0.4718
MLTP S31,Most Improved,1,GRY,Prime,0.3333
MLTP S31,Most Improved,2,AIC,bbb,0.1559
MLTP S31,Most Improved,3,WOP,ft,0.1290
MLTP S31,FU GASP,1,AIC,BoldRoller,0.1824
MLTP S31,FU GASP,2,UTD,ASAP,0.1529
MLTP S31,FU GASP,3,UTD,`,0.1353
MLTP S31,Position Change,1,GRY,d0pe,0.2561
MLTP S31,Position Change,2,THS,Fender,0.1524
MLTP S31,Position Change,3,UTD,ASAP,0.1402
MLTP S31,Best Offense Pair,1,,inthesomeday,0.3765
MLTP S31,Best Offense Pair,1,,Sadness,0.3765
MLTP S31,Best Offense Pair,2,,BoldRoller,0.2412
MLTP S31,Best Offense Pair,2,,Vader,0.2412
MLTP S31,Best Offense Pair,3,,ft,0.2176
MLTP S31,Best Offense Pair,3,,2P1S,0.2176
MLTP S31,Best Defense Pair,1,,d0pe,0.3216
MLTP S31,Best Defense Pair,1,,Prime,0.3216
MLTP S31,Best Defense Pair,2,,tng.,0.2222
MLTP S31,Best Defense Pair,2,,anti-re,0.2222
MLTP S31,Best Defense Pair,3,,bbb,0.1520
MLTP S31,Best Defense Pair,3,,phreak,0.1520
MLTP S31,Most Cohesive Unit,1,Good Read You! Block Enterer,,0.3533
MLTP S31,Most Cohesive Unit,2,Arctag IceCaps,,0.1856
MLTP S31,Most Cohesive Unit,3,The Holy Seehawks,,0.1796
MLTP S31,Best Co-Captain,1,AIC,BoldRoller,0.1939
MLTP S31,Best Co-Captain,2,THS,Fender,0.1879
MLTP S31,Best Co-Captain,3,MIA,Messi,0.1576
MLTP S31,Best Streamer,1,,Hjalpa,0.2660
MLTP S31,Best Streamer,2,,flaccid trip,0.1597
MLTP S31,Best Streamer,3,,BallAnka,0.1219
MLTP S31,Best Commentator,1,,Hjalpa,0.2436
MLTP S31,Best Commentator,2,,BallAnka,0.1520
MLTP S31,Best Commentator,3,,flaccid trip,0.1156
MLTP S31,Behind the Scenes,1,,BallAnka,0.2056
MLTP S31,Behind the Scenes,2,,Fender,0.1889
MLTP S31,Behind the Scenes,3,,Cheezedoodle,0.1611
MLTP S31,All-Stars [Offense],1,,inthesomeday,0.7740
MLTP S31,All-Stars [Offense],2,,Sadness,0.6770
MLTP S31,All-Stars [Offense],3,,BoldRoller,0.6130
MLTP S31,All-Stars [Offense],4,,2P1S,0.4840
MLTP S31,All-Stars [Offense],5,,ft,0.3870
MLTP S31,All-Stars [Defense],1,,d0pe,0.7330
MLTP S31,All-Stars [Defense],2,,tng.,0.6330
MLTP S31,All-Stars [Defense],3,,BALLDON'TLIE,0.6000
MLTP S31,All-Stars [Defense],4,,Prime,0.4670
MLTP S31,All-Stars [Defense],5,,ASAP,0.4000
mLTP S31,MVB,1,OPH,#SelfySyntax,0.2335
mLTP S31,MVB,2,WTP,anti-re,0.1762
mLTP S31,MVB,3,OPH,Rudey,0.1278
mLTP S31,Offensive Ball of the Season,1,OPH,#SelfySyntax,0.2982
mLTP S31,Offensive Ball of the Season,2,BBS,Jer32,0.1886
mLTP S31,Offensive Ball of the Season,3,DOL,Irony,0.0658
mLTP S31,Defensive Ball of the Season,1,WTP,anti-re,0.2140
mLTP S31,Defensive Ball of the Season,2,OPH,Rudey,0.1921
mLTP S31,Defensive Ball of the Season,3,OPH,clew3,0.1266
mLTP S31,Offensive Rookie of the Season,1,WOP,Spear,0.3535
mLTP S31,Offensive Rookie of the Season,2,OPH,Moto Moto,0.2884
mLTP S31,Offensive Rookie of the Season,3,LIT,gc,0.2047
mLTP S31,Defensive Rookie of the Season,1,BBS,Ball of Fame,0.2930
mLTP S31,Defensive Rookie of the Season,2,BGL,huuuuuuuuuuu,0.2093
mLTP S31,Defensive Rookie of the Season,3,BGL,Kasli,0.2000
mLTP S31,Well Rounded,1,WTP,pk,0.2711
mLTP S31,Well Rounded,2,WTP,omni,0.1689
mLTP S31,Well Rounded,3,BGL,huuuuuuuuuuu,0.1511
mLTP S31,Best Valued,1,WTP,pk,0.1535
mLTP S31,Best Valued,2,OPH,#SelfySyntax,0.1228
mLTP S31,Best Valued,3,WTP,astor,0.1096
mLTP S31,Best Captain,1,WTP,anti-re,0.2379
mLTP S31,Best Captain,2,,ASAP,0.2070
mLTP S31,Best Captain,2,,Vic,0.2070
mLTP S31,Best Captain,2,,Gryff,0.2070
mLTP S31,Best Captain,3,,NameLEss,0.1894
mLTP S31,Best Captain,3,,no name,0.1894
mLTP S31,5th Ball,1,WOP,Spear,0.3756
mLTP S31,5th Ball,2,BBS,Ball of Fame,0.3659
mLTP S31,5th Ball,3,,Corduroy,0.2585
mLTP S31,Most Improved,1,OPH,#SelfySyntax,0.2143
mLTP S31,Most Improved,2,OPH,clew3,0.1205
mLTP S31,Most Improved,3,WTP,pk,0.1116
mLTP S31,FU GASP,1,NUK,LogisticMap,0.1765
mLTP S31,FU GASP,2,BGL,depptonic,0.1422
mLTP S31,FU GASP,3,HRB,wassa,0.1078
mLTP S31,Position Change,1,HRB,Russ,0.2517
mLTP S31,Position Change,2,WTP,anti-re,0.2450
mLTP S31,Position Change,3,WTP,pk,0.1788
mLTP S31,Best Offense Pair,1,,#SelfySyntax,0.2768
mLTP S31,Best Offense Pair,1,,Moto Moto,0.2768
mLTP S31,Best Offense Pair,2,,Omni,0.2188
mLTP S31,Best Offense Pair,2,,astor,0.2188
mLTP S31,Best Offense Pair,3,,Jer32,0.1652
mLTP S31,Best Offense Pair,3,,Russ,0.1652
mLTP S31,Best Defense Pair,1,,Rudey,0.3004
mLTP S31,Best Defense Pair,1,,clew3,0.3004
mLTP S31,Best Defense Pair,2,,anti-re,0.2735
mLTP S31,Best Defense Pair,2,,pk,0.2735
mLTP S31,Best Defense Pair,3,,GtR,0.1031
mLTP S31,Best Defense Pair,3,,OD God,0.1031
mLTP S31,Most Cohesive Unit,1,Weed the People,,0.3303
mLTP S31,Most Cohesive Unit,2,Over the Pants Handoffs,,0.2398
mLTP S31,Most Cohesive Unit,3,EREBCREBBCREAMC(d),,0.1176
mLTP S31,Best Co-Captain,1,HRB,Russ,0.2594
mLTP S31,Best Co-Captain,2,,Homie,0.1462
mLTP S31,Best Co-Captain,3,HRB,wassa,0.1368
mLTP S31,All-Stars [Offense],1,,#SelfySyntax,0.7890
mLTP S31,All-Stars [Offense],2,,Jer32,0.5790
mLTP S31,All-Stars [Offense],3,,Omni,0.5790
mLTP S31,All-Stars [Offense],4,,Irony,0.4470
mLTP S31,All-Stars [Offense],5,,Moto Moto,0.3680
mLTP S31,All-Stars [Defense],1,,anti-re,0.6580
mLTP S31,All-Stars [Defense],2,,clew3,0.5790
mLTP S31,All-Stars [Defense],3,,Rudey,0.5790
mLTP S31,All-Stars [Defense],4,,GtR,0.5790
mLTP S31,All-Stars [Defense],5,,Xx360NoSwagx,0.5260
NLTP S31,MVB,1,AWK,Spheroid.,0.2216
NLTP S31,MVB,2,BGL,Spear,0.1676
NLTP S31,MVB,3,BBS,Mueller,0.1568
NLTP S31,Offensive Ball of the Season,1,BGL,Spear,0.2688
NLTP S31,Offensive Ball of the Season,2,BBS,Robiny,0.1828
NLTP S31,Offensive Ball of the Season,3,AWK,Spheroid.,0.1290
NLTP S31,Defensive Ball of the Season,1,BBS,Mueller,0.2819
NLTP S31,Defensive Ball of the Season,2,PTB,Ball of Fame,0.1170
NLTP S31,Defensive Ball of the Season,3,BGL,Corduroy,0.0957
NLTP S31,Offensive Rookie of the Season,1,BGL,Spear,0.4180
NLTP S31,Offensive Rookie of the Season,2,LBT,charlottem,0.2169
NLTP S31,Offensive Rookie of the Season,3,MIA,BoyJedi,0.1852
NLTP S31,Defensive Rookie of the Season,1,PTB,Ball of Fame,0.4021
NLTP S31,Defensive Rookie of the Season,2,LBT,timmysumball,0.2063
NLTP S31,Defensive Rookie of the Season,3,,k-rent,0.2011
NLTP S31,Well Rounded,1,AWK,Spheroid.,0.2356
NLTP S31,Well Rounded,2,BBS,Mueller,0.0942
NLTP S31,Well Rounded,3,PTB,Ball of Fame,0.0838
NLTP S31,Best Valued,1,BBS,Robiny,0.2931
NLTP S31,Best Valued,2,MIA,Glizzy,0.1379
NLTP S31,Best Valued,3,BGL,lifeofnurse,0.1264
NLTP S31,Best Captain,1,,ASAP,0.2378
NLTP S31,Best Captain,1,,Vic,0.2378
NLTP S31,Best Captain,1,,Gryff,0.2378
NLTP S31,Best Captain,2,,Russ,0.1946
NLTP S31,Best Captain,2,,Omnivore,0.1946
NLTP S31,Best Captain,3,,NameLEss,0.1514
NLTP S31,Best Captain,3,,no name,0.1514
NLTP S31,5th Ball,1,BGL,lifeofnurse,0.1979
NLTP S31,5th Ball,2,PTB,DYD,0.1615
NLTP S31,5th Ball,3,MIA,Dragon  Ball,0.1406
NLTP S31,Most Improved,1,BBS,Robiny,0.3073
NLTP S31,Most Improved,2,BBS,Mueller,0.1771
NLTP S31,Most Improved,3,BGL,Spear,0.0990
NLTP S31,FU GASP,1,AIC,o o l e r,0.2105
NLTP S31,FU GASP,2,RSP,3.1 Thor,0.1637
NLTP S31,FU GASP,3,BGL,lifeofnurse,0.1462
NLTP S31,Position Change,1,AWK,Spheroid.,0.3778
NLTP S31,Position Change,2,AWK,Feels Like,0.3222
NLTP S31,Position Change,3,,Some Ball 23,0.3000
NLTP S31,Best Offense Pair,1,,Spear,0.3176
NLTP S31,Best Offense Pair,1,,smallyBIGS,0.3176
NLTP S31,Best Offense Pair,2,,Robiny,0.2882
NLTP S31,Best Offense Pair,2,,PASSTHEFLAG,0.2882
NLTP S31,Best Offense Pair,2,,G.O.A.T.,0.2882
NLTP S31,Best Offense Pair,3,,Dragon  Ball,0.1588
NLTP S31,Best Offense Pair,3,,MarcusYallow,0.1588
NLTP S31,Best Offense Pair,3,,BoyJedi,0.1588
NLTP S31,Best Defense Pair,1,,G.O.A.T.,0.2278
NLTP S31,Best Defense Pair,1,,Mueller,0.2278
NLTP S31,Best Defense Pair,2,,Spheroid.,0.2111
NLTP S31,Best Defense Pair,2,,FeelsLike,0.2111
NLTP S31,Best Defense Pair,3,,Ball of Fame,0.1889
NLTP S31,Best Defense Pair,3,,Pickle Ball,0.1889
NLTP S31,Most Cohesive Unit,1,Microphone Hawks,,0.2586
NLTP S31,Most Cohesive Unit,2,Boosting Ballacudas,,0.2069
NLTP S31,Most Cohesive Unit,3,EREBCREBBCREAMC(d),,0.1724
NLTP S31,Best Co-Captain,1,RSP,3.1 Thor,0.2176
NLTP S31,Best Co-Captain,2,AWK,Spheroid.,0.2059
NLTP S31,Best Co-Captain,3,AIC,o o l e r,0.1412
NLTP S31,All-Stars [Offense],1,,Spear,0.7740
NLTP S31,All-Stars [Offense],2,,Robiny,0.5810
NLTP S31,All-Stars [Offense],3,,smallyBIGS,0.4840
NLTP S31,All-Stars [Offense],4,,Spheroid.,0.4190
NLTP S31,All-Stars [Offense],5,,3.1 Thor,0.2900
NLTP S31,All-Stars [Defense],1,,Mueller,0.6560
NLTP S31,All-Stars [Defense],2,,Ball of Fame,0.5630
NLTP S31,All-Stars [Defense],3,,Spheroid.,0.5000
NLTP S31,All-Stars [Defense],4,,Corduroy,0.4060
NLTP S31,All-Stars [Defense],5,,Glizzy,0.3130
MLTP S32,MVB,1,TOC,tng.,0.2191
MLTP S32,MVB,2,AVO,CarrotCake,0.1348
MLTP S32,MVB,3,TOC,Ball-erina,0.1180
MLTP S32,Offensive Ball of the Season,1,TOC,Ball-erina,0.2485
MLTP S32,Offensive Ball of the Season,2,TOC,tng.,0.2130
MLTP S32,Offensive Ball of the Season,3,SNI,BALLDON'TLIE,0.1716
MLTP S32,Defensive Ball of the Season,1,SNI,NameLEss,0.1638
MLTP S32,Defensive Ball of the Season,2,WOP,1deag,0.1439
MLTP S32,Defensive Ball of the Season,3,TOC,phreak,0.1422
MLTP S32,Offensive Rookie of the Season,1,,Catkiller,
MLTP S32,Defensive Rookie of the Season,1,AVO,Madoka,0.5373
MLTP S32,Defensive Rookie of the Season,2,ABO,name333,0.4627
MLTP S32,Well Rounded,1,AVO,CarrotCake,0.2395
MLTP S32,Well Rounded,2,TAD,DT,0.1796
MLTP S32,Well Rounded,3,WOP,1deag,0.1078
MLTP S32,Best Valued,1,AVO,Madoka,0.1570
MLTP S32,Best Valued,2,WOP,1deag,0.1337
MLTP S32,Best Valued,3,AVO,waterwheel,0.1221
MLTP S32,Best Captain,1,TOC,tng.,0.3431
MLTP S32,Best Captain,2,SNI,Alphachurro,0.1825
MLTP S32,Best Captain,3,MMP,Agency,0.1606
MLTP S32,Most Improved,1,TOC,Ball-erina,0.2727
MLTP S32,Most Improved,2,WOP,1deag,0.2061
MLTP S32,Most Improved,3,TOC,bbb,0.1879
MLTP S32,FU GASP,1,MIA,`,0.1912
MLTP S32,FU GASP,2,SNI,Ty,0.1838
MLTP S32,FU GASP,3,WOP,Altiger,0.1250
MLTP S32,Position Change,1,MIA,Doris,0.2817
MLTP S32,Position Change,2,TOC,tng.,0.1972
MLTP S32,Position Change,3,AVO,CarrotCake,0.1901
MLTP S32,Best Offense Pair,1,,tng.,0.4082
MLTP S32,Best Offense Pair,1,,Ball-erina,0.4082
MLTP S32,Best Offense Pair,2,,BALLDON'tLIE,0.1973
MLTP S32,Best Offense Pair,2,,Ty,0.1973
MLTP S32,Best Offense Pair,3,,waterwheel,0.1088
MLTP S32,Best Offense Pair,3,,Catkiller,0.1088
MLTP S32,Best Defense Pair,1,,Madoka,0.2436
MLTP S32,Best Defense Pair,1,,CarrotCake,0.2436
MLTP S32,Best Defense Pair,2,,NameLEss,0.2308
MLTP S32,Best Defense Pair,2,,Alphachurro,0.2308
MLTP S32,Best Defense Pair,3,,phreak,0.1859
MLTP S32,Best Defense Pair,3,,bbb,0.1859
MLTP S32,Most Cohesive Unit,1,The Toronto Captors,,0.2929
MLTP S32,Most Cohesive Unit,2,Snipe Hunt,,0.2571
MLTP S32,Most Cohesive Unit,3,Avocado Toastys,,0.2500
MLTP S32,Best Co-Captain,1,WOP,jig,0.1894
MLTP S32,Best Co-Captain,2,AVO,CarrotCake,0.1894
MLTP S32,Best Co-Captain,3,SNI,Ty,0.1818
MLTP S32,Best Streamer,1,,hjalpa,0.1769
MLTP S32,Best Streamer,2,,Derds,0.1429
MLTP S32,Best Streamer,3,,ft,0.1224
MLTP S32,Best Commentator,1,,hjalpa,0.1538
MLTP S32,Best Commentator,2,ABO,mex,0.1399
MLTP S32,Best Commentator,3,,Derds,0.1259
MLTP S32,Behind the Scenes,1,,Fender,0.1705
MLTP S32,Behind the Scenes,2,,Cheezedoodle,0.1395
MLTP S32,Behind the Scenes,3,,i love HD,0.1318
MLTP S32,All-Stars [Offense],1,,Ball-erina,0.8080
MLTP S32,All-Stars [Offense],2,,tng.,0.7690
MLTP S32,All-Stars [Offense],3,,BALLDON’TLIE,0.7310
MLTP S32,All-Stars [Offense],4,,DT,0.6540
MLTP S32,All-Stars [Offense],5,,d4nk,0.2310
MLTP S32,All-Stars [Defense],1,,Agency,0.5930
MLTP S32,All-Stars [Defense],2,,phreak,0.5560
MLTP S32,All-Stars [Defense],3,,NameLEss,0.5190
MLTP S32,All-Stars [Defense],4,,CarrotCake,0.4810
MLTP S32,All-Stars [Defense],5,,Alphachurro,0.3710
mLTP S32,MVB,1,HFB,i love HD,0.2327
mLTP S32,MVB,2,WTP,anti-re,0.1782
mLTP S32,MVB,3,WTP,omni,0.1386
mLTP S32,Offensive Ball of the Season,1,HFB,Vader,0.2654
mLTP S32,Offensive Ball of the Season,2,WTP,anti-re,0.2085
mLTP S32,Offensive Ball of the Season,3,HBO,ft,0.2038
mLTP S32,Defensive Ball of the Season,1,HFB,i love HD,0.3667
mLTP S32,Defensive Ball of the Season,2,WTP,omni,0.1476
mLTP S32,Defensive Ball of the Season,3,HBO,kelvin,0.1429
mLTP S32,Offensive Rookie of the Season,1,,MarcusYallow,0.5758
mLTP S32,Offensive Rookie of the Season,2,BTW,Robiny,0.4242
mLTP S32,Defensive Rookie of the Season,1,HFB,stevepotato,0.2879
mLTP S32,Defensive Rookie of the Season,2,OPH,Ted,0.2525
mLTP S32,Defensive Rookie of the Season,3,HGB,Werth,0.2323
mLTP S32,Well Rounded,1,WTP,omni,0.2412
mLTP S32,Well Rounded,2,HBO,kelvin,0.1658
mLTP S32,Well Rounded,3,ROT,BallAnka,0.1608
mLTP S32,Best Valued,1,WTP,Omni,0.2938
mLTP S32,Best Valued,2,HBO,beef,0.2062
mLTP S32,Best Valued,3,,gabergool,0.0979
mLTP S32,Best Captain,1,WTP,anti-re,0.2054
mLTP S32,Best Captain,2,HBO,ft,0.1730
mLTP S32,Best Captain,3,HFB,i love HD,0.1297
mLTP S32,5th Ball,1,,MarcusYallow,0.3805
mLTP S32,5th Ball,2,,Phreek,0.2341
mLTP S32,5th Ball,3,,Witcher,0.1756
mLTP S32,Most Improved,1,HBO,beef,0.3820
mLTP S32,Most Improved,2,MRV,LogisticMap,0.2528
mLTP S32,Most Improved,3,,gabergool,0.2247
mLTP S32,FU GASP,1,HGB,jazzz,0.2359
mLTP S32,FU GASP,2,MRV,might dino,0.1385
mLTP S32,FU GASP,3,WTP,Niplepotamus,0.1128
mLTP S32,Position Change,1,WTP,Omni,0.3611
mLTP S32,Position Change,2,HGB,Jer32,0.1833
mLTP S32,Position Change,3,MRV,LogisticMap,0.1278
mLTP S32,Best Offense Pair,1,,ft,0.3141
mLTP S32,Best Offense Pair,1,,beef,0.3141
mLTP S32,Best Offense Pair,2,,anti-re,0.2251
mLTP S32,Best Offense Pair,2,,Niplepotamus,0.2251
mLTP S32,Best Offense Pair,3,,Vader,0.1885
mLTP S32,Best Offense Pair,3,,Dragon  Ball,0.1885
mLTP S32,Best Defense Pair,1,,i love HD,0.2540
mLTP S32,Best Defense Pair,1,,stevepotato,0.2540
mLTP S32,Best Defense Pair,2,,Omni,0.2116
mLTP S32,Best Defense Pair,2,,Rick G. #853,0.2116
mLTP S32,Best Defense Pair,3,,kelvin,0.1852
mLTP S32,Best Defense Pair,3,,gabergool,0.1852
mLTP S32,Most Cohesive Unit,1,Weed the People,,0.2450
mLTP S32,Most Cohesive Unit,2,The Popranos,,0.2300
mLTP S32,Most Cohesive Unit,3,Rotatos,,0.1350
mLTP S32,Best Co-Captain,1,,Gryff,0.2909
mLTP S32,Best Co-Captain,2,,Homie,0.2727
mLTP S32,Best Co-Captain,3,,Dusk,0.1515
mLTP S32,All-Stars [Offense],1,,Vader,0.7350
mLTP S32,All-Stars [Offense],2,,ft,0.7350
mLTP S32,All-Stars [Offense],3,,anti-re,0.7060
mLTP S32,All-Stars [Offense],4,,beef,0.4410
mLTP S32,All-Stars [Offense],5,,Gleg,0.3240
mLTP S32,All-Stars [Defense],1,,i love HD,0.7940
mLTP S32,All-Stars [Defense],2,,Omni,0.5590
mLTP S32,All-Stars [Defense],3,,kelvin,0.4410
mLTP S32,All-Stars [Defense],4,,tha king,0.3530
mLTP S32,All-Stars [Defense],5,,gabergool,0.3240
NLTP S32,MVB,1,AIC,Witcher,0.3670
NLTP S32,MVB,2,CHP,MarcusYallow,0.1649
NLTP S32,MVB,3,MIC,Trapsin,0.1064
NLTP S32,Offensive Ball of the Season,1,CHP,MarcusYallow,0.3545
NLTP S32,Offensive Ball of the Season,2,MIC,Jukester,0.1799
NLTP S32,Offensive Ball of the Season,3,ACS,AdmaniaYT,0.0847
NLTP S32,Defensive Ball of the Season,1,AIC,Witcher,0.3122
NLTP S32,Defensive Ball of the Season,2,MIC,Trapsin,0.1429
NLTP S32,Defensive Ball of the Season,3,MIC,Phreek,0.1323
NLTP S32,Offensive Rookie of the Season,1,AIC,Shroom,0.5274
NLTP S32,Offensive Rookie of the Season,2,MRV,AJ.,0.4726
NLTP S32,Defensive Rookie of the Season,1,MIC,Phreek,0.4581
NLTP S32,Defensive Rookie of the Season,2,MRV,Lemonate,0.3073
NLTP S32,Defensive Rookie of the Season,3,CHP,Hermione,0.2346
NLTP S32,Well Rounded,1,AIC,Witcher,0.2652
NLTP S32,Well Rounded,2,ACS,Tinderfella,0.1105
NLTP S32,Well Rounded,3,MIA,3.1 Thor,0.0994
NLTP S32,Best Valued,1,CHP,MarcusYallow,0.2054
NLTP S32,Best Valued,2,AIC,Shroom,0.2000
NLTP S32,Best Valued,3,MIC,AgnusFortis,0.1405
NLTP S32,Best Captain,1,,Sadness,0.3076
NLTP S32,Best Captain,1,,Witcher,0.3076
NLTP S32,Best Captain,2,,flaccid trip,0.1817
NLTP S32,Best Captain,2,,ASAP,0.1817
NLTP S32,Best Captain,3,,NameLEss,0.1799
NLTP S32,Best Captain,3,,no name,0.1799
NLTP S32,5th Ball,1,AIC,Shroom,0.1796
NLTP S32,5th Ball,2,AIC,Robiny,0.1737
NLTP S32,5th Ball,3,MIC,jkxs,0.1437
NLTP S32,Most Improved,1,CHP,MarcusYallow,0.3277
NLTP S32,Most Improved,2,AIC,Shroom,0.2147
NLTP S32,Most Improved,3,MIC,Jukester,0.1469
NLTP S32,FU GASP,1,CHP,PASSTHEFLAG,0.1908
NLTP S32,FU GASP,2,AIC,Robiny,0.1503
NLTP S32,FU GASP,3,AIC,Pickle Ball,0.1272
NLTP S32,Position Change,1,AIC,Witcher,0.3409
NLTP S32,Position Change,2,AIC,Shroom,0.1307
NLTP S32,Position Change,3,ACS,Tinderfella,0.1136
NLTP S32,Best Offense Pair,1,,Jukster,0.2515
NLTP S32,Best Offense Pair,1,,AgnusFortis,0.2515
NLTP S32,Best Offense Pair,1,,jkxs,0.2515
NLTP S32,Best Offense Pair,2,,perpndicular,0.2455
NLTP S32,Best Offense Pair,2,,Robiny,0.2455
NLTP S32,Best Offense Pair,2,,Shroom,0.2455
NLTP S32,Best Offense Pair,3,,MarcusYallow,0.2036
NLTP S32,Best Offense Pair,3,,PASSTHEFLAG,0.2036
NLTP S32,Best Offense Pair,3,,Hermione,0.2036
NLTP S32,Best Defense Pair,1,,Trapsin,0.2971
NLTP S32,Best Defense Pair,1,,Phreek,0.2971
NLTP S32,Best Defense Pair,2,,Witcher,0.2800
NLTP S32,Best Defense Pair,2,,Pickle Ball,0.2800
NLTP S32,Best Defense Pair,3,,Mueller,0.1086
NLTP S32,Best Defense Pair,3,,corduroy,0.1086
NLTP S32,Most Cohesive Unit,1,Arctag iceCaps,,0.3824
NLTP S32,Most Cohesive Unit,2,Microphone Hawks,,0.2471
NLTP S32,Most Cohesive Unit,3,American Corner Story,,0.1294
NLTP S32,Best Co-Captain,1,,Spheroid.,0.2262
NLTP S32,Best Co-Captain,2,CBS,o o l e r,0.2262
NLTP S32,Best Co-Captain,3,MIA,3.1 Thor,0.1905
NLTP S32,All-Stars [Offense],1,,MarcusYallow,0.7740
NLTP S32,All-Stars [Offense],2,,Jukester,0.5480
NLTP S32,All-Stars [Offense],3,,AdmaniaYT,0.4520
NLTP S32,All-Stars [Offense],4,,Shroom,0.4190
NLTP S32,All-Stars [Offense],5,,perpndicular,0.3230
NLTP S32,All-Stars [Defense],1,,Witcher,0.7740
NLTP S32,All-Stars [Defense],2,,Mueller,0.5480
NLTP S32,All-Stars [Defense],3,,Phreek,0.5160
NLTP S32,All-Stars [Defense],4,,Trapsin,0.5160
NLTP S32,All-Stars [Defense],5,,Tinderfella,0.3550
MLTP S33,MVB,1,ILF,ASAP,0.2241
MLTP S33,MVB,2,WTP,Homie,0.1494
MLTP S33,MVB,3,PTB,phreak,0.1379
MLTP S33,Offensive Ball of the Season,1,THB,Messi,0.2707
MLTP S33,Offensive Ball of the Season,2,WTP,anti-re,0.2099
MLTP S33,Offensive Ball of the Season,3,PTB,TaylorWhiff,0.1271
MLTP S33,Defensive Ball of the Season,1,PTB,phreak,0.2184
MLTP S33,Defensive Ball of the Season,2,ILF,ASAP,0.1897
MLTP S33,Defensive Ball of the Season,3,THB,Yubel,0.1782
MLTP S33,Offensive Rookie of the Season,1,CCM,BallAnka,0.5957
MLTP S33,Offensive Rookie of the Season,2,PCB,D Rek,0.4043
MLTP S33,Defensive Rookie of the Season,1,ILF,Kasli,0.4444
MLTP S33,Defensive Rookie of the Season,2,THB,joy.,0.2847
MLTP S33,Defensive Rookie of the Season,3,PTB,Button,0.2708
MLTP S33,Well Rounded,1,ILF,ASAP,0.2573
MLTP S33,Well Rounded,2,PCB,Rina,0.1228
MLTP S33,Well Rounded,3,WTP,Homie,0.1170
MLTP S33,Best Valued,1,PTB,TaylorWhiff,0.2222
MLTP S33,Best Valued,2,WTP,eee,0.1667
MLTP S33,Best Valued,3,THB,Gleg,0.1420
MLTP S33,Best Captain,1,,Russ,0.2981
MLTP S33,Best Captain,2,WTP,Homie,0.2360
MLTP S33,Best Captain,3,ILF,bbb,0.1491
MLTP S33,Most Improved,1,PTB,TaylorWhiff,0.2840
MLTP S33,Most Improved,2,THB,name333,0.1902
MLTP S33,Most Improved,3,PTB,Messi,0.1840
MLTP S33,FU GASP,1,PCB,Rina,0.2561
MLTP S33,FU GASP,2,YGG,waterwheel,0.2378
MLTP S33,FU GASP,3,PTB,name333,0.2317
MLTP S33,Position Change,1,PCB,Rina,0.4390
MLTP S33,Position Change,2,ILF,bbb,0.3293
MLTP S33,Position Change,3,PCB,D Rek,0.2317
MLTP S33,Best Offense Pair,1,,TaylorWhiff,0.2759
MLTP S33,Best Offense Pair,1,,Sadness,0.2759
MLTP S33,Best Offense Pair,2,,anti-re,0.2299
MLTP S33,Best Offense Pair,2,,Weed,0.2299
MLTP S33,Best Offense Pair,3,,Messi,0.2241
MLTP S33,Best Offense Pair,3,,Gleg,0.2241
MLTP S33,Best Defense Pair,1,,Homie,0.2455
MLTP S33,Best Defense Pair,1,,eee,0.2455
MLTP S33,Best Defense Pair,2,,phreak,0.2275
MLTP S33,Best Defense Pair,2,,name333,0.2275
MLTP S33,Best Defense Pair,3,,Yubel,0.1856
MLTP S33,Best Defense Pair,3,,joy.,0.1856
MLTP S33,Most Cohesive Unit,1,Portland Tile Blazers,,0.2545
MLTP S33,Most Cohesive Unit,2,Weed the People,,0.2485
MLTP S33,Most Cohesive Unit,3,Milf Manor,,0.1636
MLTP S33,Best Streamer,1,,Hjalpa,0.2600
MLTP S33,Best Streamer,2,,f t,0.1467
MLTP S33,Best Streamer,3,,Penis Wings,0.1267
MLTP S33,Best Commentator,1,,f t,0.2288
MLTP S33,Best Commentator,2,,Hjalpa,0.2222
MLTP S33,Best Commentator,3,CCM,BallAnka,0.1634
MLTP S33,Behind the Scenes,1,,Cheezedoodle,0.2060
MLTP S33,Behind the Scenes,2,,BallAnka,0.1405
MLTP S33,Behind the Scenes,3,,Hjalpa,0.1365
MLTP S33,All-Stars [Offense],1,,anti-re,0.7000
MLTP S33,All-Stars [Offense],2,,Messi,0.6330
MLTP S33,All-Stars [Offense],3,,fender,0.4000
MLTP S33,All-Stars [Offense],4,,TaylorWhiff,0.4000
MLTP S33,All-Stars [Offense],5,,Sadness,0.4000
MLTP S33,All-Stars [Defense],1,,Homie,0.7780
MLTP S33,All-Stars [Defense],2,,phreak,0.5930
MLTP S33,All-Stars [Defense],3,,Yubel,0.5930
MLTP S33,All-Stars [Defense],4,,ASAP,0.5190
MLTP S33,All-Stars [Defense],5,,NameLEss,0.4070
mLTP S33,MVB,1,PTB,Russ,0.3041
mLTP S33,MVB,2,PTB,vic,0.1170
mLTP S33,MVB,3,ILF,omni,0.1053
mLTP S33,Offensive Ball of the Season,1,PTB,vic,0.2317
mLTP S33,Offensive Ball of the Season,2,ILF,omni,0.1890
mLTP S33,Offensive Ball of the Season,3,EYE,Jer32,0.1524
mLTP S33,Defensive Ball of the Season,1,PTB,Russ,0.2744
mLTP S33,Defensive Ball of the Season,2,PTB,Button,0.1585
mLTP S33,Defensive Ball of the Season,3,EYE,jkxs,0.1098
mLTP S33,Offensive Rookie of the Season,1,MRV,ALEX JONES,0.5750
mLTP S33,Offensive Rookie of the Season,2,BTS,SOLF,0.4250
mLTP S33,Defensive Rookie of the Season,1,ILF,Phreek,0.3188
mLTP S33,Defensive Rookie of the Season,2,EYE,jkxs,0.2500
mLTP S33,Defensive Rookie of the Season,3,ILF,Trapsin,0.2313
mLTP S33,Well Rounded,1,PTB,Russ,0.2284
mLTP S33,Well Rounded,2,EYE,jkxs,0.1420
mLTP S33,Well Rounded,3,PTB,Button,0.1173
mLTP S33,Best Valued,1,PTB,Tinderfella,0.2166
mLTP S33,Best Valued,2,EYE,jkxs,0.2102
mLTP S33,Best Valued,3,ILF,Trapsin,0.1911
mLTP S33,Best Captain,1,,ft,0.2390
mLTP S33,Best Captain,1,,ASAP,0.2390
mLTP S33,Best Captain,2,,waterwheel,0.1824
mLTP S33,Best Captain,3,,BallAnka,0.1824
mLTP S33,5th Ball,1,BTS,Solf,0.5159
mLTP S33,5th Ball,2,ALP,Gnas,0.4841
mLTP S33,Most Improved,1,PTB,Russ,0.1572
mLTP S33,Most Improved,2,ILF,Phreek,0.1509
mLTP S33,Most Improved,3,EYE,jkxs,0.1447
mLTP S33,FU GASP,1,ILF,might dino,0.2215
mLTP S33,FU GASP,2,EYE,jkxs,0.1879
mLTP S33,FU GASP,3,MRV,LogisticMap,0.1544
mLTP S33,Position Change,1,PTB,Button,0.4422
mLTP S33,Position Change,2,BTS,beast mode,0.3061
mLTP S33,Position Change,3,HMS,pk,0.2517
mLTP S33,Best Offense Pair,1,,omni,0.2606
mLTP S33,Best Offense Pair,1,,might dino,0.2606
mLTP S33,Best Offense Pair,2,,vic,0.2545
mLTP S33,Best Offense Pair,2,,Tinderfella,0.2545
mLTP S33,Best Offense Pair,3,,Jer32,0.1697
mLTP S33,Best Offense Pair,3,,AdmaniaYT,0.1697
mLTP S33,Best Defense Pair,1,,Russ,0.2901
mLTP S33,Best Defense Pair,1,,Button,0.2901
mLTP S33,Best Defense Pair,2,,ballsack123,0.2346
mLTP S33,Best Defense Pair,2,,jkxs,0.2346
mLTP S33,Best Defense Pair,3,,Phreek,0.2346
mLTP S33,Best Defense Pair,3,,trapsin,0.2346
mLTP S33,Most Cohesive Unit,1,Portland Tile Blazers,,0.3333
mLTP S33,Most Cohesive Unit,2,MILF Minor,,0.1733
mLTP S33,Most Cohesive Unit,3,HoldinEye 007,,0.1600
mLTP S33,Best Co-Captain,1,PTB,Russ,0.5738
mLTP S33,Best Co-Captain,2,,Coos :),0.4262
mLTP S33,All-Stars [Offense],1,,vic,0.7590
mLTP S33,All-Stars [Offense],2,,omni,0.6900
mLTP S33,All-Stars [Offense],3,,Tinderfella,0.6550
mLTP S33,All-Stars [Offense],4,,Jer32,0.6210
mLTP S33,All-Stars [Offense],5,,might dino,0.3450
mLTP S33,All-Stars [Defense],1,,Russ,0.8280
mLTP S33,All-Stars [Defense],2,,ballsack123,0.5520
mLTP S33,All-Stars [Defense],3,,Button,0.5520
mLTP S33,All-Stars [Defense],4,,Phreek,0.4480
mLTP S33,All-Stars [Defense],5,,Trapsin,0.3790
NLTP S33,MVB,1,ODG,Phreek,0.1603
NLTP S33,MVB,2,MIC,Spheroid.,0.1374
NLTP S33,MVB,3,MIC,Moosen,0.1221
NLTP S33,Offensive Ball of the Season,1,MIC,Moosen,0.2857
NLTP S33,Offensive Ball of the Season,2,ODG,Phreek,0.2381
NLTP S33,Offensive Ball of the Season,3,HSG,MarcusYallow,0.1587
NLTP S33,Defensive Ball of the Season,1,MIC,Spheroid.,0.1756
NLTP S33,Defensive Ball of the Season,2,ODG,.__.,0.1603
NLTP S33,Defensive Ball of the Season,3,JKK,SmallyBigs,0.1603
NLTP S33,Offensive Rookie of the Season,1,MIC,Moosen,0.4524
NLTP S33,Offensive Rookie of the Season,2,MIC,undyingderp,0.3095
NLTP S33,Offensive Rookie of the Season,3,,IMAGOODPLAYE,0.2381
NLTP S33,Defensive Rookie of the Season,1,BBS,stee,0.3571
NLTP S33,Defensive Rookie of the Season,2,JKK,MegaBlocks,0.3254
NLTP S33,Defensive Rookie of the Season,3,,TheChowMein,0.3175
NLTP S33,Well Rounded,1,ODG,Phreek,0.1667
NLTP S33,Well Rounded,2,JKK,smallyBIGS,0.1429
NLTP S33,Well Rounded,3,ODG,.__.,0.1270
NLTP S33,Best Valued,1,MIC,Moosen,0.2424
NLTP S33,Best Valued,2,LBT,SOLF,0.1970
NLTP S33,Best Valued,3,ODG,Morpheus,0.1515
NLTP S33,Best Captain,1,,.__.,0.2276
NLTP S33,Best Captain,1,,AdmaniaYT,0.2276
NLTP S33,Best Captain,2,MIC,Spheroid.,0.1789
NLTP S33,Best Captain,3,,BirdReynolds,0.1382
NLTP S33,5th Ball,1,TSR,timmysumball,0.3571
NLTP S33,5th Ball,2,LBT,Sorry l Suck,0.2619
NLTP S33,5th Ball,3,MIC,undyingderp,0.2540
NLTP S33,Most Improved,1,ODG,DYD,0.2137
NLTP S33,Most Improved,2,MIC,robiny,0.1832
NLTP S33,Most Improved,3,ODG,Morpheus,0.1527
NLTP S33,FU GASP,1,LBT,Gnas,0.1515
NLTP S33,FU GASP,2,ODG,Morpheus,0.1364
NLTP S33,FU GASP,3,MIC,Robiny,0.1288
NLTP S33,Position Change,1,ODG,Phreek,0.4031
NLTP S33,Position Change,2,MIC,Robiny,0.3023
NLTP S33,Position Change,3,,k-rent,0.1860
NLTP S33,Best Offense Pair,1,,phreek,0.2460
NLTP S33,Best Offense Pair,1,,DYD,0.2460
NLTP S33,Best Offense Pair,2,,Moosen,0.2222
NLTP S33,Best Offense Pair,2,,Bambi,0.2222
NLTP S33,Best Offense Pair,2,,undyingderp,0.2222
NLTP S33,Best Offense Pair,3,,AgnusFortis,0.1667
NLTP S33,Best Offense Pair,3,,Caius,0.1667
NLTP S33,Best Defense Pair,1,,.__.,0.2205
NLTP S33,Best Defense Pair,1,,Morpheus,0.2205
NLTP S33,Best Defense Pair,2,,jkxs,0.2205
NLTP S33,Best Defense Pair,2,,smallyBIGS,0.2205
NLTP S33,Best Defense Pair,2,,Megablocks,0.2205
NLTP S33,Best Defense Pair,3,,Spheroid.,0.1575
NLTP S33,Best Defense Pair,3,,Robiny,0.1575
NLTP S33,Best Defense Pair,3,,avsy26,0.1575
NLTP S33,Most Cohesive Unit,1,Microphone Hawks,,0.2339
NLTP S33,Most Cohesive Unit,2,JUKAKKE,,0.2258
NLTP S33,Most Cohesive Unit,3,OD Gambit: Nubstep Variation,,0.2016
NLTP S33,Best Co-Captain,1,,Fender,1.0000
NLTP S33,All-Stars [Offense],1,,Moosen,0.8180
NLTP S33,All-Stars [Offense],2,,Phreek,0.7270
NLTP S33,All-Stars [Offense],3,,MarcusYallow,0.4550
NLTP S33,All-Stars [Offense],4,,SOLF,0.3640
NLTP S33,All-Stars [Offense],5,,Tinderfella,0.3180
NLTP S33,All-Stars [Defense],1,,gh0st,0.6360
NLTP S33,All-Stars [Defense],2,,jkxs,0.5450
NLTP S33,All-Stars [Defense],3,,.__.,0.5400
NLTP S33,All-Stars [Defense],4,,SmallyBigs,0.5450
NLTP S33,All-Stars [Defense],5,,Spheroid.,0.5450
MLTP S34,MVB,1,FGP,Alphachurro,0.4071
MLTP S34,MVB,2,PPN,jig,0.3610
MLTP S34,MVB,3,FGP,ft,0.1148
MLTP S34,Offensive Ball of the Season,1,PPN,jig,0.4576
MLTP S34,Offensive Ball of the Season,2,FGP,ft,0.2836
MLTP S34,Offensive Ball of the Season,3,DNK,Rina,0.1623
MLTP S34,Defensive Ball of the Season,1,FGP,Alphachurro,0.4386
MLTP S34,Defensive Ball of the Season,2,FGP,bbb,0.2352
MLTP S34,Defensive Ball of the Season,3,,not kelvin,0.1205
MLTP S34,Defensive Rookie of the Season,1,BND,SluffAndRuff,0.5829
MLTP S34,Defensive Rookie of the Season,2,BOB,Omni,0.4171
MLTP S34,Well Rounded,1,FGP,Alphachurro,0.3601
MLTP S34,Well Rounded,2,BND,SluffAndRuff,0.2560
MLTP S34,Well Rounded,3,HGB,Messi,0.1012
MLTP S34,Best Valued,1,FGP,bbb,0.3757
MLTP S34,Best Valued,2,,dodsfall,0.2265
MLTP S34,Best Valued,3,,not kelvin,0.1432
MLTP S34,Best Captain,1,FGP,ft,0.3333
MLTP S34,Best Captain,2,DNK,d4nk,0.3082
MLTP S34,Best Captain,3,PPN,d0pe,0.1950
MLTP S34,Most Improved,1,FGP,ft,0.4511
MLTP S34,Most Improved,2,HGB,Prime,0.2816
MLTP S34,Most Improved,3,FGP,Gleg,0.2011
MLTP S34,FU GASP,1,FGP,Gleg,0.3302
MLTP S34,FU GASP,2,DNK,d4nk,0.2963
MLTP S34,FU GASP,3,LST,Sadness,0.1821
MLTP S34,Position Change,1,HGB,Prime,1.0000
MLTP S34,Best Offense Pair,1,,jig,0.4556
MLTP S34,Best Offense Pair,1,,d0pe,0.4556
MLTP S34,Best Offense Pair,2,,ft,0.2778
MLTP S34,Best Offense Pair,2,,Gleg,0.2778
MLTP S34,Best Offense Pair,3,,d4nk,0.1944
MLTP S34,Best Offense Pair,3,,Ball-erina,0.1944
MLTP S34,Best Defense Pair,1,,Alphachurro,0.4643
MLTP S34,Best Defense Pair,1,,bbb,0.4643
MLTP S34,Best Defense Pair,2,,Prime,0.2589
MLTP S34,Best Defense Pair,2,,SluffAndRuff,0.2589
MLTP S34,Best Defense Pair,3,,Cheetosrule,0.1815
MLTP S34,Best Defense Pair,3,,dodsfall,0.1815
MLTP S34,Most Cohesive Unit,1,Feel Good Pingc,,0.3253
MLTP S34,Most Cohesive Unit,2,Pink Pony Nub,,0.3012
MLTP S34,Most Cohesive Unit,3,D4NKOS,,0.2470
MLTP S34,Best Streamer,1,,misery,0.3610
MLTP S34,Best Streamer,2,,Hjalpa,0.3130
MLTP S34,Best Streamer,3,,LogisticMap,0.1980
MLTP S34,Best Commentator,1,,Hjalpa,0.2987
MLTP S34,Best Commentator,2,,misery,0.2894
MLTP S34,Best Commentator,3,,LogisticMap,0.1911
MLTP S34,Behind the Scenes,1,,Fender,0.1668
MLTP S34,Behind the Scenes,2,,BallAnka,0.1642
MLTP S34,Behind the Scenes,3,,timmysumball,0.1573
MLTP S34,All-Stars [Offense],1,,jig,0.8710
MLTP S34,All-Stars [Offense],2,,ft,0.6130
MLTP S34,All-Stars [Offense],3,,Rina,0.5480
MLTP S34,All-Stars [Offense],4,,d0pe,0.5160
MLTP S34,All-Stars [Offense],5,,Messi,0.3870
MLTP S34,All-Stars [Defense],1,,Alphachurro,0.8330
MLTP S34,All-Stars [Defense],2,,bbb,0.5330
MLTP S34,All-Stars [Defense],3,,SluffAndRuff,0.4330
MLTP S34,All-Stars [Defense],4,,kelvin,0.3670
MLTP S34,All-Stars [Defense],5,,Arbybear,0.3000
mLTP S34,MVB,1,PTB,tnt,0.2974
mLTP S34,MVB,2,BLS,Button,0.2456
mLTP S34,MVB,3,PTB,karma,0.1886
mLTP S34,Offensive Ball of the Season,1,PTB,karma,0.3833
mLTP S34,Offensive Ball of the Season,2,PIC,Spheroid.,0.2462
mLTP S34,Offensive Ball of the Season,3,LST,Helen Keller,0.1038
mLTP S34,Defensive Ball of the Season,1,PTB,tnt,0.3132
mLTP S34,Defensive Ball of the Season,2,BLS,Button,0.2588
mLTP S34,Defensive Ball of the Season,3,,Batman.,0.1175
mLTP S34,Offensive Rookie of the Season,1,,Meowza,0.6046
mLTP S34,Offensive Rookie of the Season,2,,Gamma,0.3954
mLTP S34,Defensive Rookie of the Season,1,PTB,TNT,0.4211
mLTP S34,Defensive Rookie of the Season,2,HGB,Phreek,0.3217
mLTP S34,Defensive Rookie of the Season,3,,Kep,0.2571
mLTP S34,Well Rounded,1,PTB,tnt,0.2924
mLTP S34,Well Rounded,2,LST,Helen Keller,0.2203
mLTP S34,Well Rounded,3,PIC,jkxs,0.0918
mLTP S34,Best Valued,1,PIC,Spheroid.,0.3218
mLTP S34,Best Valued,2,,Meowza,0.2837
mLTP S34,Best Valued,3,PTB,TNT,0.1551
mLTP S34,Best Captain,1,,Russ,0.2793
mLTP S34,Best Captain,2,,BallAnka,0.2291
mLTP S34,Best Captain,3,BOB,Omni,0.1341
mLTP S34,5th Ball,1,,Meowza,0.4613
mLTP S34,5th Ball,2,,Kep,0.3316
mLTP S34,5th Ball,3,,black magic,0.2070
mLTP S34,Most Improved,1,PIC,Spheroid.,0.3553
mLTP S34,Most Improved,2,,Batman.,0.2798
mLTP S34,Most Improved,3,,huuuuuuuuuuu,0.1675
mLTP S34,FU GASP,1,BLS,kutrebar,0.3560
mLTP S34,FU GASP,2,TPS,Tinderfella,0.3379
mLTP S34,FU GASP,3,PIC,wassa,0.2464
mLTP S34,Position Change,1,,Meowza,0.5481
mLTP S34,Position Change,2,,huuuuuuuuuuu,0.4519
mLTP S34,Best Offense Pair,1,,vic,0.3338
mLTP S34,Best Offense Pair,1,,Helen Keller,0.3338
mLTP S34,Best Offense Pair,2,,meowza,0.3126
mLTP S34,Best Offense Pair,2,,Karma,0.3126
mLTP S34,Best Offense Pair,3,,jazzz,0.1455
mLTP S34,Best Offense Pair,3,,kutrebar,0.1455
mLTP S34,Best Defense Pair,1,,Batman,0.3715
mLTP S34,Best Defense Pair,1,,TNT,0.3715
mLTP S34,Best Defense Pair,2,,Phreek,0.2260
mLTP S34,Best Defense Pair,2,,Perpetualist,0.2260
mLTP S34,Best Defense Pair,3,,Omni,0.2105
mLTP S34,Best Defense Pair,3,,Ball of Fame,0.2105
mLTP S34,Most Cohesive Unit,1,Portland Tile Blazers,,0.2727
mLTP S34,Most Cohesive Unit,2,Pi-Curious,,0.1818
mLTP S34,Most Cohesive Unit,3,Ballin’ on a Budget (Gnas took all my money),,0.1576
mLTP S34,Best Co-Captain,1,BLS,Button,0.5037
mLTP S34,Best Co-Captain,2,PTB,Karma,0.4963
mLTP S34,All-Stars [Offense],1,,karma,0.7420
mLTP S34,All-Stars [Offense],2,,vic,0.6450
mLTP S34,All-Stars [Offense],3,,meowza,0.5810
mLTP S34,All-Stars [Offense],4,,Helen Keller,0.4840
mLTP S34,All-Stars [Offense],5,,jazzz,0.4520
mLTP S34,All-Stars [Defense],1,,Button,0.7810
mLTP S34,All-Stars [Defense],2,,tnt,0.5000
mLTP S34,All-Stars [Defense],3,,Batman.,0.5000
mLTP S34,All-Stars [Defense],4,,omni,0.4690
mLTP S34,All-Stars [Defense],5,,Xx360NoSwagx,0.4060
NLTP S34,MVB,1,TMD,meowza,0.4515
NLTP S34,MVB,2,HSB,Kep,0.2525
NLTP S34,MVB,3,LBT,Anti_Social,0.1430
NLTP S34,Offensive Ball of the Season,1,TMD,meowza,0.4470
NLTP S34,Offensive Ball of the Season,2,LBT,Jarek,0.2652
NLTP S34,Offensive Ball of the Season,3,HSB,sweatypete,0.1477
NLTP S34,Defensive Ball of the Season,1,LBT,Anti_Social,0.3741
NLTP S34,Defensive Ball of the Season,2,HSB,Kep,0.2506
NLTP S34,Defensive Ball of the Season,3,,Misery,0.1490
NLTP S34,Offensive Rookie of the Season,1,TMD,Meowza,0.5871
NLTP S34,Offensive Rookie of the Season,2,HSB,Kep,0.4129
NLTP S34,Defensive Rookie of the Season,1,HSB,Kep,0.4318
NLTP S34,Defensive Rookie of the Season,2,,Misery,0.2992
NLTP S34,Defensive Rookie of the Season,3,TMD,Beach,0.1856
NLTP S34,Well Rounded,1,TMD,meowza,0.3396
NLTP S34,Well Rounded,2,HSB,Kep,0.2600
NLTP S34,Well Rounded,3,HGB,Penis Wings,0.1244
NLTP S34,Best Valued,1,TMD,Beach,0.3811
NLTP S34,Best Valued,2,LBT,Phil Ballins,0.2322
NLTP S34,Best Valued,3,ODG,Phlasid,0.1366
NLTP S34,Best Captain,1,TMD,Sgt Ducky,0.4016
NLTP S34,Best Captain,2,,t H C,0.2978
NLTP S34,Best Captain,2,,fender,0.2978
NLTP S34,Best Captain,3,HSB,sweatypete,0.1243
NLTP S34,5th Ball,1,TMD,beach,0.4103
NLTP S34,5th Ball,2,HGB,Glimmer,0.2812
NLTP S34,5th Ball,3,TMD,mmk,0.1788
NLTP S34,Most Improved,1,ODG,Phlasid,0.3697
NLTP S34,Most Improved,2,ODG,DYD,0.2451
NLTP S34,Most Improved,3,TMD,Sgt Ducky,0.1189
NLTP S34,FU GASP,1,LBT,black magic,0.3550
NLTP S34,FU GASP,2,HUT,gh0st,0.2633
NLTP S34,FU GASP,3,ODG,SmallyBigs,0.1506
NLTP S34,Position Change,1,TMD,Sgt Ducky,0.4207
NLTP S34,Position Change,2,HGB,Penis Wings,0.2602
NLTP S34,Position Change,3,HSB,Kep,0.1687
NLTP S34,Best Offense Pair,1,,Meowza,0.4466
NLTP S34,Best Offense Pair,1,,Sgt Ducky,0.4466
NLTP S34,Best Offense Pair,1,,mmk,0.4466
NLTP S34,Best Offense Pair,2,,Jarek,0.2650
NLTP S34,Best Offense Pair,2,,black magic,0.2650
NLTP S34,Best Offense Pair,2,,k-rent,0.2650
NLTP S34,Best Offense Pair,3,,Ray-Ray,0.1603
NLTP S34,Best Offense Pair,3,,Timmysumball,0.1603
NLTP S34,Best Defense Pair,1,,Scrapper8o,0.3983
NLTP S34,Best Defense Pair,1,,Mueller,0.3983
NLTP S34,Best Defense Pair,1,,Beach,0.3983
NLTP S34,Best Defense Pair,2,,Anti_Social,0.2895
NLTP S34,Best Defense Pair,2,,Phil Ballins,0.2895
NLTP S34,Best Defense Pair,2,,Glimmer,0.2895
NLTP S34,Best Defense Pair,3,,Kep,0.2359
NLTP S34,Best Defense Pair,3,,Misery,0.2359
NLTP S34,Most Cohesive Unit,1,The Mighty Ducks,,0.3917
NLTP S34,Most Cohesive Unit,2,The Land Before Timers,,0.2083
NLTP S34,Most Cohesive Unit,3,Hackstreet Boys,,0.1167
NLTP S34,Best Co-Captain,1,,Tinderfella,0.3786
NLTP S34,Best Co-Captain,2,,NameLEss,0.3107
NLTP S34,Best Co-Captain,3,,Kasli,0.3107
NLTP S34,All-Stars [Offense],1,,meowza,0.9050
NLTP S34,All-Stars [Offense],2,,sweatypete,0.5710
NLTP S34,All-Stars [Offense],3,,Jarek,0.5710
NLTP S34,All-Stars [Offense],4,,Sgt Ducky,0.4760
NLTP S34,All-Stars [Offense],5,,Penis Wings,0.4290
NLTP S34,All-Stars [Defense],1,,Anti_Social,0.6820
NLTP S34,All-Stars [Defense],2,,Kep,0.6820
NLTP S34,All-Stars [Defense],3,,Mueller,0.5000
NLTP S34,All-Stars [Defense],4,,Misery,0.4090
NLTP S34,All-Stars [Defense],5,,Scrapper8o,0.4090
MLTP S35,MVB,1,LBT,Alpha.,0.3145
MLTP S35,MVB,2,LBT,DAD.,0.1258
MLTP S35,MVB,3,JBH,d0pe,0.1258
MLTP S35,Offensive Ball of the Season,1,JBH,d0pe,0.2733
MLTP S35,Offensive Ball of the Season,2,WOM,jig,0.1615
MLTP S35,Offensive Ball of the Season,3,HGB,fender,0.1491
MLTP S35,Defensive Ball of the Season,1,HOH,phreak,0.2000
MLTP S35,Defensive Ball of the Season,2,LBT,NameLEss,0.1935
MLTP S35,Defensive Ball of the Season,3,LBT,DAD.,0.1097
MLTP S35,Defensive Rookie of the Season,1,LAB,meowza,1.0000
MLTP S35,Well Rounded,1,LBT,DAD.,0.2162
MLTP S35,Well Rounded,2,LBT,Alpha.,0.1892
MLTP S35,Well Rounded,3,LAB,ASAP,0.1757
MLTP S35,Best Valued,1,LBT,DAD.,0.2244
MLTP S35,Best Valued,2,LBT,quit yappin,0.1667
MLTP S35,Best Valued,3,JBH,Sadness,0.1026
MLTP S35,Best Valued,3,JBH,phreak,0.1026
MLTP S35,Best Captain,1,,Tinderfella,0.2973
MLTP S35,Best Captain,2,,Prime,0.1824
MLTP S35,Best Captain,3,,hue,0.1486
MLTP S35,Best Captain,3,,Misery,0.1486
MLTP S35,Most Improved,1,LBT,DAD.,0.3551
MLTP S35,Most Improved,2,JBH,Arbybear,0.2319
MLTP S35,Most Improved,3,LBT,NameLEss,0.2174
MLTP S35,FU GASP,1,HOH,Ty,0.2734
MLTP S35,FU GASP,2,JBH,Sadness,0.2662
MLTP S35,FU GASP,3,HGB,ft,0.2086
MLTP S35,Best Offense Pair,1,,Alphachurro,0.2905
MLTP S35,Best Offense Pair,1,,quit yappin,0.2905
MLTP S35,Best Offense Pair,2,,fender,0.2365
MLTP S35,Best Offense Pair,2,,ft,0.2365
MLTP S35,Best Offense Pair,3,,d0pe,0.2230
MLTP S35,Best Offense Pair,3,,Sadness,0.2230
MLTP S35,Best Defense Pair,1,,NameLEss,0.3429
MLTP S35,Best Defense Pair,1,,DAD.,0.3429
MLTP S35,Best Defense Pair,2,,Mike Trout,0.2143
MLTP S35,Best Defense Pair,2,,bbb,0.2143
MLTP S35,Best Defense Pair,3,,Arbybear,0.1857
MLTP S35,Best Defense Pair,3,,Xile,0.1857
MLTP S35,Most Cohesive Unit,1,The Land Before Timers,,0.3562
MLTP S35,Most Cohesive Unit,2,Juke Blocks Heroes,,0.1849
MLTP S35,Most Cohesive Unit,3,??,,0.1644
MLTP S35,Best Streamer,1,,Hjalpa,0.3070
MLTP S35,Best Streamer,2,,TP_Wings,0.1940
MLTP S35,Best Streamer,3,,ft,0.1790
MLTP S35,Best Commentator,1,,Hjalpa,0.2270
MLTP S35,Best Commentator,2,,TP_Wings,0.1960
MLTP S35,Best Commentator,3,,ft,0.1760
MLTP S35,Behind the Scenes,1,,fender <3,0.2910
MLTP S35,Behind the Scenes,2,,Cheezedoodle,0.1910
MLTP S35,Behind the Scenes,3,,timmysumball,0.1110
MLTP S35,All-Stars [Offense],1,,d0pe,0.8000
MLTP S35,All-Stars [Offense],2,,jig,0.6800
MLTP S35,All-Stars [Offense],3,,fender,0.6000
MLTP S35,All-Stars [Offense],4,,Alpha.,0.5200
MLTP S35,All-Stars [Offense],5,,Messi,0.4000
MLTP S35,All-Stars [Defense],1,,NameLEss,0.6800
MLTP S35,All-Stars [Defense],2,,phreak,0.6000
MLTP S35,All-Stars [Defense],3,,DAD.,0.5600
MLTP S35,All-Stars [Defense],4,,bbb,0.4800
MLTP S35,All-Stars [Defense],5,,Homie,0.4400
mLTP S35,MVB,1,MRV,tha king,0.2216
mLTP S35,MVB,2,MRV,Carrrrrl,0.1856
mLTP S35,MVB,3,QUE,Xx360NoSwagx,0.1377
mLTP S35,Offensive Ball of the Season,1,MRV,Carrrrrl,0.3274
mLTP S35,Offensive Ball of the Season,2,LBT,Tinderfella,0.1607
mLTP S35,Offensive Ball of the Season,3,QUE,king krule,0.1310
mLTP S35,Defensive Ball of the Season,1,LAG,gman10,0.1524
mLTP S35,Defensive Ball of the Season,2,QUE,Xx360NoSwagx,0.1341
mLTP S35,Defensive Ball of the Season,3,MRV,bef,0.1037
mLTP S35,Offensive Rookie of the Season,1,BBS,AJ.,0.3727
mLTP S35,Offensive Rookie of the Season,2,CMP,Krebons,0.3354
mLTP S35,Offensive Rookie of the Season,3,CMP,Feels Like,0.2919
mLTP S35,Defensive Rookie of the Season,1,LAG,gman10,0.4286
mLTP S35,Defensive Rookie of the Season,2,LBT,Toidi,0.3168
mLTP S35,Defensive Rookie of the Season,3,QUE,Misery,0.2547
mLTP S35,Well Rounded,1,QUE,Xx360NoSwagx,0.1697
mLTP S35,Well Rounded,2,CMP,vic,0.1697
mLTP S35,Well Rounded,3,MRV,tha king,0.1515
mLTP S35,Best Valued,1,LAG,gman10,0.2434
mLTP S35,Best Valued,2,MRV,Carrrrrl,0.1776
mLTP S35,Best Valued,3,MRV,bef,0.1579
mLTP S35,Best Captain,1,,LogisticMap,0.3361
mLTP S35,Best Captain,2,,Sadness,0.1803
mLTP S35,Best Captain,3,,Cheezedoodle,0.1557
mLTP S35,5th Ball,1,LAG,gman10,0.3851
mLTP S35,5th Ball,2,QUE,CT Crunch,0.2360
mLTP S35,5th Ball,3,LAG,Jukester,0.1801
mLTP S35,Most Improved,1,QUE,Misery,0.2597
mLTP S35,Most Improved,2,LAG,Jukester,0.2338
mLTP S35,Most Improved,3,MRV,bef,0.2208
mLTP S35,FU GASP,1,QUE,king krule,0.1797
mLTP S35,FU GASP,2,HGB,Russ,0.1484
mLTP S35,FU GASP,3,GCS,AdmaniaYT,0.1250
mLTP S35,Position Change,1,MRV,bef,0.2609
mLTP S35,Position Change,2,GCS,Cel,0.2319
mLTP S35,Position Change,3,CMP,vic,0.1884
mLTP S35,Best Offense Pair,1,,Carrrrrl,0.3288
mLTP S35,Best Offense Pair,1,,pk,0.3288
mLTP S35,Best Offense Pair,2,,KING KRULE,0.1918
mLTP S35,Best Offense Pair,2,,CT Crunch,0.1918
mLTP S35,Best Offense Pair,3,,Omni,0.1370
mLTP S35,Best Offense Pair,3,,Russ,0.1370
mLTP S35,Best Defense Pair,1,,the king,0.2685
mLTP S35,Best Defense Pair,1,,bef,0.2685
mLTP S35,Best Defense Pair,2,,Button,0.2483
mLTP S35,Best Defense Pair,2,,gman10,0.2483
mLTP S35,Best Defense Pair,3,,not kelvin,0.2081
mLTP S35,Best Defense Pair,3,,Poeticalto,0.2081
mLTP S35,Most Cohesive Unit,1,Mercury Revolutions,,0.3796
mLTP S35,Most Cohesive Unit,2,??,,0.1387
mLTP S35,Most Cohesive Unit,3,Glucose Spike,,0.1168
mLTP S35,All-Stars [Offense],1,,Carrrrrl,0.8000
mLTP S35,All-Stars [Offense],2,,Tinderfella,0.8000
mLTP S35,All-Stars [Offense],3,,king krule,0.5200
mLTP S35,All-Stars [Offense],4,,MarcusYallow,0.4800
mLTP S35,All-Stars [Offense],5,,Borgus,0.3200
mLTP S35,All-Stars [Defense],1,,tha king,0.7600
mLTP S35,All-Stars [Defense],2,,tnt,0.6800
mLTP S35,All-Stars [Defense],3,,Button,0.6000
mLTP S35,All-Stars [Defense],4,,not kelvin,0.6000
mLTP S35,All-Stars [Defense],5,,gman10,0.5200
NLTP S35,MVB,1,OPH,gman10,0.3018
NLTP S35,MVB,2,OPH,Jukester,0.1775
NLTP S35,MVB,3,QUE,Misery,0.1183
NLTP S35,Offensive Ball of the Season,1,OPH,Jukester,0.3006
NLTP S35,Offensive Ball of the Season,2,QUE,Misery,0.1561
NLTP S35,Offensive Ball of the Season,3,LBT,Spear,0.1329
NLTP S35,Defensive Ball of the Season,1,FUR,Darth,0.1402
NLTP S35,Defensive Ball of the Season,2,LBT,Scrapper8o,0.0976
NLTP S35,Defensive Ball of the Season,3,HSB,Ducky,0.0793
NLTP S35,Offensive Rookie of the Season,1,LBT,CT Crunch,0.6212
NLTP S35,Offensive Rookie of the Season,2,FUR,DiegoOnMac,0.3788
NLTP S35,Defensive Rookie of the Season,1,OPH,Gman10,0.4510
NLTP S35,Defensive Rookie of the Season,2,ODG,timo_tay,0.3072
NLTP S35,Defensive Rookie of the Season,3,OPH,@JEFE,0.2418
NLTP S35,Well Rounded,1,OPH,gman10,0.1472
NLTP S35,Well Rounded,2,OPH,Bambi,0.1472
NLTP S35,Well Rounded,3,QUE,Misery,0.1288
NLTP S35,Best Valued,1,ODG,narumii,0.2245
NLTP S35,Best Valued,2,OPH,Bambi,0.2177
NLTP S35,Best Valued,3,OPH,Robiny,0.1565
NLTP S35,Best Captain,1,,Tinderfella,0.2125
NLTP S35,Best Captain,1,,Fender,0.2125
NLTP S35,Best Captain,2,,NameLEss,0.2000
NLTP S35,Best Captain,2,,Spheroid.,0.2000
NLTP S35,Best Captain,3,,.__.,0.1563
NLTP S35,5th Ball,1,OPH,DYD,0.3355
NLTP S35,5th Ball,2,LBT,PotatoPotato,0.2581
NLTP S35,5th Ball,3,ODG,Glimmer,0.2065
NLTP S35,Most Improved,1,OPH,Jukester,0.3143
NLTP S35,Most Improved,2,OPH,Bambi,0.2714
NLTP S35,Most Improved,3,ODG,Glimmer,0.2286
NLTP S35,FU GASP,1,LBT,CT Crunch,0.2945
NLTP S35,FU GASP,2,LBT,Scrapper8o,0.2025
NLTP S35,FU GASP,3,OPH,Robiny,0.1656
NLTP S35,Position Change,1,QUE,Misery,0.3605
NLTP S35,Position Change,2,OPH,Bambi,0.2721
NLTP S35,Position Change,3,FUR,snakes,0.2109
NLTP S35,Best Offense Pair,1,,Spear,0.3072
NLTP S35,Best Offense Pair,1,,CT Crunch,0.3072
NLTP S35,Best Offense Pair,1,,PotatoPotato,0.3072
NLTP S35,Best Offense Pair,2,,Krebons,0.2952
NLTP S35,Best Offense Pair,2,,narumii,0.2952
NLTP S35,Best Offense Pair,3,,Jukester,0.2530
NLTP S35,Best Offense Pair,3,,Bambi,0.2530
NLTP S35,Best Offense Pair,3,,DYD,0.2530
NLTP S35,Best Offense Pair,3,,Robiny,0.2530
NLTP S35,Best Defense Pair,1,,gman10,0.3742
NLTP S35,Best Defense Pair,1,,Bambi,0.3742
NLTP S35,Best Defense Pair,1,,@JEFE,0.3742
NLTP S35,Best Defense Pair,2,,Scrapper8o,0.2515
NLTP S35,Best Defense Pair,2,,Kooler,0.2515
NLTP S35,Best Defense Pair,3,,Darth,0.1963
NLTP S35,Best Defense Pair,3,,Pickle Ball,0.1963
NLTP S35,Most Cohesive Unit,1,Over the Pants Handoffs,,0.2278
NLTP S35,Most Cohesive Unit,2,The Land Before Timers,,0.2152
NLTP S35,Most Cohesive Unit,3,?? (The Ball Hogs),,0.2089
NLTP S35,Best Co-Captain,1,,AdmaniaYT,0.5310
NLTP S35,Best Co-Captain,2,FRG,timmysumball,0.4690
NLTP S35,All-Stars [Offense],1,,Jukester,0.6670
NLTP S35,All-Stars [Offense],2,,CT Crunch,0.5670
NLTP S35,All-Stars [Offense],3,,Krebons,0.4330
NLTP S35,All-Stars [Offense],4,,narumii,0.4330
NLTP S35,All-Stars [Offense],5,,Misery,0.4000
NLTP S35,All-Stars [Defense],1,,gman10,73.3000
NLTP S35,All-Stars [Defense],2,,Darth,0.5670
NLTP S35,All-Stars [Defense],3,,scrapper8o,0.4000
NLTP S35,All-Stars [Defense],4,,Mueller,0.3000
NLTP S35,All-Stars [Defense],5,,Ducky,0.2670
MLTP S37,MVB,1,PTB,SluffAndRuff,0.3048
MLTP S37,MVB,2,MRV,BALLDON'TLIE,0.1571
MLTP S37,MVB,3,HGB,mex,0.1190
MLTP S37,Offensive Ball of the Season,1,AS,okthen,0.2249
MLTP S37,Offensive Ball of the Season,2,MRV,OuchMyBalls,0.2249
MLTP S37,Offensive Ball of the Season,3,PTB,chuggo,0.1483
MLTP S37,Defensive Ball of the Season,1,HGB,mex,0.2941
MLTP S37,Defensive Ball of the Season,2,LBT,phreak,0.1422
MLTP S37,Defensive Ball of the Season,3,PTB,SluffAndRuff,0.1373
MLTP S37,Offensive Rookie of the Season,1,MRV,OuchMyBalls,0.5731
MLTP S37,Offensive Rookie of the Season,2,LBT,MarcusYallow,0.4269
MLTP S37,Defensive Rookie of the Season,1,MFB,Xx360NoSwagX,1.0000
MLTP S37,Well Rounded,1,PTB,SluffAndRuff,0.3810
MLTP S37,Well Rounded,2,MRV,BALLDON'TLIE,0.2857
MLTP S37,Well Rounded,3,PTB,Ty,0.1429
MLTP S37,Best Valued,1,PTB,1deag,0.3971
MLTP S37,Best Valued,2,LBT,MarcusYallow,0.3039
MLTP S37,Best Valued,3,AS,Gman,0.2108
MLTP S37,Best Captain,1,,Russ,0.3550
MLTP S37,Best Captain,2,,LogisticMap,0.1953
MLTP S37,Best Captain,3,,Prime,0.1775
MLTP S37,5th Ball,1,AS,phreek,0.2857
MLTP S37,5th Ball,2,PUP,jazzz,0.2262
MLTP S37,5th Ball,3,SNI,BallsToYou.,0.2202
MLTP S37,Most Improved,1,PTB,1deag,0.3990
MLTP S37,Most Improved,2,LBT,ASAP,0.3057
MLTP S37,Most Improved,3,PTB,chuggo,0.2953
MLTP S37,FU GASP,1,PTB,Ty,0.1960
MLTP S37,FU GASP,2,LBT,ASAP,0.1910
MLTP S37,FU GASP,3,MFB,DudeMcGuy,0.1457
MLTP S37,Position Change,1,MFB,meowza,0.3617
MLTP S37,Position Change,2,MRV,BALLDON'TLIE,0.3564
MLTP S37,Position Change,3,HGB,d0pe,0.1968
MLTP S37,Best Offense Pair,1,,chuggo,0.2649
MLTP S37,Best Offense Pair,1,,Ty,0.2649
MLTP S37,Best Offense Pair,2,,OuchMyBalls,0.2324
MLTP S37,Best Offense Pair,2,,ft,0.2324
MLTP S37,Best Offense Pair,3,,Messi,0.1622
MLTP S37,Best Offense Pair,3,,MarcusYallow,0.1622
MLTP S37,Best Defense Pair,1,,1deag,0.3131
MLTP S37,Best Defense Pair,1,,SluffAndRuff,0.3131
MLTP S37,Best Defense Pair,2,,phreak,0.2121
MLTP S37,Best Defense Pair,2,,ASAP,0.2121
MLTP S37,Best Defense Pair,3,,mex,0.1768
MLTP S37,Best Defense Pair,3,,d0pe,0.1768
MLTP S37,Most Cohesive Unit,1,Portland Tile Blazers,,0.3508
MLTP S37,Most Cohesive Unit,2,Mercury Revolutions,,0.1990
MLTP S37,Most Cohesive Unit,3,The Land Before Timers,,0.1990
MLTP S37,Best Co-Captain,1,,Suchit,0.3750
MLTP S37,Best Co-Captain,2,,Robiny,0.2961
MLTP S37,Best Co-Captain,3,,derds,0.2105
MLTP S37,Best Streamer,1,,josh61616,0.2791
MLTP S37,Best Streamer,2,,Misery,0.1879
MLTP S37,Best Streamer,3,,FM,0.1539
MLTP S37,Best Commentator,1,,josh61616,0.2620
MLTP S37,Best Commentator,2,,Misery,0.2411
MLTP S37,Best Commentator,3,,FM,0.2218
MLTP S37,Behind the Scenes,1,,Fender,0.2542
MLTP S37,Behind the Scenes,2,,Russ,0.2285
MLTP S37,Behind the Scenes,3,,Bamboozler,0.1668
MLTP S37,All-Stars [Offense],1,,OuchMyBalls,0.7940
MLTP S37,All-Stars [Offense],2,,okthen,0.6760
MLTP S37,All-Stars [Offense],3,,meowza,0.5880
MLTP S37,All-Stars [Offense],4,,chuggo,0.5590
MLTP S37,All-Stars [Offense],5,,fender,0.4410
MLTP S37,All-Stars [Defense],1,,mex,0.8240
MLTP S37,All-Stars [Defense],2,,phreak,0.7940
MLTP S37,All-Stars [Defense],3,,BALLDON'TLIE,0.7650
MLTP S37,All-Stars [Defense],4,,SluffAndRuff,0.7350
MLTP S37,All-Stars [Defense],5,,1deag,0.5000
mLTP S37,MVB,1,SNI,BallsToYou.,0.2188
mLTP S37,MVB,2,FWO,Taurus,0.1125
mLTP S37,MVB,3,TSP,Alpha jr.,0.1125
mLTP S37,Offensive Ball of the Season,1,SNI,BallsToYou.,0.3108
mLTP S37,Offensive Ball of the Season,2,OPH,BallSaget,0.2365
mLTP S37,Offensive Ball of the Season,3,HGB,Carrrrrl,0.1419
mLTP S37,Defensive Ball of the Season,1,FWO,Taurus,0.2200
mLTP S37,Defensive Ball of the Season,2,OPH,fm,0.1933
mLTP S37,Defensive Ball of the Season,3,TSP,Alpha jr.,0.1600
mLTP S37,Offensive Rookie of the Season,1,BCS,Sif,1.0000
mLTP S37,Defensive Rookie of the Season,1,BDG,broseph,0.5606
mLTP S37,Defensive Rookie of the Season,2,PUP,kmichael,0.4394
mLTP S37,Well Rounded,1,TSP,Alpha Jr.,0.2177
mLTP S37,Well Rounded,2,BCS,brb,0.1633
mLTP S37,Well Rounded,3,WOP,ft,0.1497
mLTP S37,Best Valued,1,BCS,Baay,0.2361
mLTP S37,Best Valued,2,OPH,BallSaget,0.2361
mLTP S37,Best Valued,3,TSP,St. Bernard,0.2083
mLTP S37,Best Captain,1,,Snowball,0.2270
mLTP S37,Best Captain,2,,ASAP,0.1631
mLTP S37,Best Captain,2,,BoldRoller,0.1631
mLTP S37,Best Captain,3,,DAD.,0.1489
mLTP S37,5th Ball,1,NFB,Porps,0.3563
mLTP S37,5th Ball,2,HGB,bubblez,0.2688
mLTP S37,5th Ball,3,PUP,kmichael,0.2063
mLTP S37,Most Improved,1,HGB,Wraith,0.3846
mLTP S37,Most Improved,2,WOP,mc,0.3385
mLTP S37,Most Improved,3,TSP,Alpha Jr.,0.2769
mLTP S37,FU GASP,1,BDG,Bam,0.2214
mLTP S37,FU GASP,2,TSP,aaron,0.1714
mLTP S37,FU GASP,3,FWO,Irony,0.1571
mLTP S37,Position Change,1,OPH,Spjork,0.2482
mLTP S37,Position Change,2,BCS,brb,0.2411
mLTP S37,Position Change,3,TSP,aaron,0.2057
mLTP S37,Best Offense Pair,1,,BallsToYou.,0.2878
mLTP S37,Best Offense Pair,1,,aaron,0.2878
mLTP S37,Best Offense Pair,2,,#SelfySyntax,0.1655
mLTP S37,Best Offense Pair,2,,BallSaget,0.1655
mLTP S37,Best Offense Pair,3,,Carrrrrl,0.1295
mLTP S37,Best Offense Pair,3,,bubblez,0.1295
mLTP S37,Best Defense Pair,1,,Taurus,0.1736
mLTP S37,Best Defense Pair,1,,Anti-re,0.1736
mLTP S37,Best Defense Pair,2,,Alpha Jr.,0.1667
mLTP S37,Best Defense Pair,2,,St. Bernard,0.1667
mLTP S37,Best Defense Pair,3,,FM,0.1389
mLTP S37,Best Defense Pair,3,,Spjork,0.1389
mLTP S37,Most Cohesive Unit,1,Totally Spikes,,0.2609
mLTP S37,Most Cohesive Unit,2,Boostin Celtics,,0.1594
mLTP S37,Most Cohesive Unit,3,Puparazzi,,0.1449
mLTP S37,Best Co-Captain,1,,Toppy,0.3306
mLTP S37,Best Co-Captain,2,,Ball-E,0.3226
mLTP S37,Best Co-Captain,3,,waterwheel,0.2177
mLTP S37,All-Stars [Offense],1,,BallsToYou.,0.8000
mLTP S37,All-Stars [Offense],2,,BallSaget,0.6800
mLTP S37,All-Stars [Offense],3,,Carrrrrl,0.6800
mLTP S37,All-Stars [Offense],4,,brb,0.5200
mLTP S37,All-Stars [Offense],5,,aaron,0.2800
mLTP S37,All-Stars [Defense],1,,fm,0.6540
mLTP S37,All-Stars [Defense],2,,ft,0.6150
mLTP S37,All-Stars [Defense],3,,Taurus,0.6150
mLTP S37,All-Stars [Defense],4,,Alpha jr.,0.5770
mLTP S37,All-Stars [Defense],5,,Wraith,0.4620
NLTP S37,MVB,1,GAS,Porps,0.3095
NLTP S37,MVB,2,PUP,bubblez,0.1825
NLTP S37,MVB,3,AFB,Thanos Ball,0.1508
NLTP S37,Offensive Ball of the Season,1,PUP,bubblez,0.2602
NLTP S37,Offensive Ball of the Season,2,AFB,Thanos Ball,0.1870
NLTP S37,Offensive Ball of the Season,3,GAS,Tumblewood,0.1138
NLTP S37,Defensive Ball of the Season,1,GAS,Porps,0.2937
NLTP S37,Defensive Ball of the Season,2,GAS,Karasu,0.1349
NLTP S37,Defensive Ball of the Season,3,LBT,garet,0.1190
NLTP S37,Offensive Rookie of the Season,1,LBT,Baby_Shark,0.4118
NLTP S37,Offensive Rookie of the Season,2,PUP,GooeyS7,0.3193
NLTP S37,Offensive Rookie of the Season,3,GAS,whiff,0.2689
NLTP S37,Defensive Rookie of the Season,1,OPH,RoyaltyKeyz,1.0000
NLTP S37,Well Rounded,1,AFB,.__.,0.2358
NLTP S37,Well Rounded,2,GAS,Porps,0.1707
NLTP S37,Well Rounded,3,AFB,Thanos Ball,0.1545
NLTP S37,Best Valued,1,GAS,Tumblewood,0.2222
NLTP S37,Best Valued,2,LBT,Baby_Shark,0.1905
NLTP S37,Best Valued,3,PUP,NateH,0.1905
NLTP S37,Best Captain,1,,Carrrrrl,0.3445
NLTP S37,Best Captain,2,,BoldRoller,0.1849
NLTP S37,Best Captain,2,,ASAP,0.1849
NLTP S37,Best Captain,3,,PASSTHEFLAG,0.1765
NLTP S37,5th Ball,1,PUP,NateH,0.2358
NLTP S37,5th Ball,2,GAS,STINK,0.1463
NLTP S37,5th Ball,3,BSQ,havok,0.1138
NLTP S37,Most Improved,1,PUP,NateH,0.2439
NLTP S37,Most Improved,2,BSQ,timmysumball,0.2033
NLTP S37,Most Improved,3,GAS,Karasu,0.1789
NLTP S37,FU GASP,1,LBT,o o l e r,0.3590
NLTP S37,FU GASP,2,GAS,STINK,0.1966
NLTP S37,FU GASP,3,BSQ,drewfa,0.1966
NLTP S37,Position Change,1,LBT,o o l e r,0.3740
NLTP S37,Position Change,2,GAS,Tumblewood,0.3577
NLTP S37,Position Change,3,GAS,Karasu,0.2683
NLTP S37,Best Offense Pair,1,,bubblez,0.2602
NLTP S37,Best Offense Pair,1,,GooeyS7,0.2602
NLTP S37,Best Offense Pair,1,,Monte.,0.2602
NLTP S37,Best Offense Pair,2,,Tumblewood,0.2276
NLTP S37,Best Offense Pair,2,,DiegoOnMac,0.2276
NLTP S37,Best Offense Pair,2,,whiff,0.2276
NLTP S37,Best Offense Pair,3,,Thanos Ball,0.1870
NLTP S37,Best Offense Pair,3,,Snekster,0.1870
NLTP S37,Best Offense Pair,3,,havok,0.1870
NLTP S37,Best Offense Pair,3,,megapoop22,0.1870
NLTP S37,Best Defense Pair,1,,Porps,0.3740
NLTP S37,Best Defense Pair,1,,Karasu,0.3740
NLTP S37,Best Defense Pair,1,,STINK,0.3740
NLTP S37,Best Defense Pair,2,,garet,0.1870
NLTP S37,Best Defense Pair,2,,Ralph Wiggum,0.1870
NLTP S37,Best Defense Pair,3,,Jarek,0.1463
NLTP S37,Best Defense Pair,3,,.__.,0.1463
NLTP S37,Most Cohesive Unit,1,Guardian Angles,,0.3008
NLTP S37,Most Cohesive Unit,2,The Land Before Timers,,0.2114
NLTP S37,Most Cohesive Unit,3,Fraggle Block,,0.1707
NLTP S37,Best Co-Captain,1,,Toppy,0.5200
NLTP S37,Best Co-Captain,2,,t h C,0.4800
NLTP S37,All-Stars [Offense],1,,bubblez,0.8570
NLTP S37,All-Stars [Offense],2,,Tumblewood,0.6190
NLTP S37,All-Stars [Offense],3,,Thanos Ball,0.5710
NLTP S37,All-Stars [Offense],4,,Baby_Shark,0.5240
NLTP S37,All-Stars [Offense],5,,o o l e r,0.4290
NLTP S37,All-Stars [Defense],1,,Porps,0.7140
NLTP S37,All-Stars [Defense],2,,garet,0.5710
NLTP S37,All-Stars [Defense],3,,Karasu,0.4760
NLTP S37,All-Stars [Defense],4,,Ralph Wiggum,0.4290
NLTP S37,All-Stars [Defense],5,,NateH,0.4290
MLTP S38,MVB,1,SCP,DT,0.4155
MLTP S38,MVB,2,HOH,d0pe,0.1338
MLTP S38,MVB,3,CVM,BOTDON'TLIE,0.1127
MLTP S38,Offensive Ball of the Season,1,SCP,DT,0.3889
MLTP S38,Offensive Ball of the Season,2,HOH,d0pe,0.1597
MLTP S38,Offensive Ball of the Season,3,LBT,jig,0.1528
MLTP S38,Defensive Ball of the Season,1,CVM,BOTDON'TLIE,0.2993
MLTP S38,Defensive Ball of the Season,2,BST,joy.,0.1429
MLTP S38,Defensive Ball of the Season,3,HOH,realtea,0.1361
MLTP S38,Offensive Rookie of the Season,1,CVM,BallSaget,1.0000
MLTP S38,Defensive Rookie of the Season,1,CRC,Mileena,1.0000
MLTP S38,Well Rounded,1,SNI,meowza,0.2727
MLTP S38,Well Rounded,2,BST,fender,0.2098
MLTP S38,Well Rounded,3,BST,mex,0.1608
MLTP S38,Best Valued,1,LBT,Button,0.2917
MLTP S38,Best Valued,2,SCP,dodsfall,0.1875
MLTP S38,Best Valued,3,SCP,kk,0.1319
MLTP S38,Best Captain,1,,Misery,0.2937
MLTP S38,Best Captain,2,,Tumblewood,0.2857
MLTP S38,Best Captain,3,,Hjalpa,0.2143
MLTP S38,Best Captain,3,,jazzz,0.2143
MLTP S38,5th Ball,1,LBT,Button,0.6545
MLTP S38,5th Ball,2,FWO,MarcusYallow,0.3455
MLTP S38,Most Improved,1,LBT,Button,0.4109
MLTP S38,Most Improved,2,SCP,kk,0.2946
MLTP S38,Most Improved,3,BST,joy.,0.2946
MLTP S38,FU GASP,1,CRC,Shikari,0.2222
MLTP S38,FU GASP,2,SNI,meowza,0.2153
MLTP S38,FU GASP,3,BST,mex,0.1736
MLTP S38,Position Change,1,SNI,meowza,0.1912
MLTP S38,Position Change,2,BST,1deag,0.1838
MLTP S38,Position Change,3,LBT,jig,0.1691
MLTP S38,Best Offense Pair,1,,DT,0.3037
MLTP S38,Best Offense Pair,1,,kk,0.3037
MLTP S38,Best Offense Pair,2,,OuchMyBalls,0.2815
MLTP S38,Best Offense Pair,2,,d0pe,0.2815
MLTP S38,Best Offense Pair,3,,jig,0.1481
MLTP S38,Best Offense Pair,3,,Ty,0.1481
MLTP S38,Best Defense Pair,1,,bbb,0.2815
MLTP S38,Best Defense Pair,1,,dodsfall,0.2815
MLTP S38,Best Defense Pair,2,,BOTDON'TLIE,0.1852
MLTP S38,Best Defense Pair,2,,Mr awesome:),0.1852
MLTP S38,Best Defense Pair,3,,refined,0.1556
MLTP S38,Best Defense Pair,3,,Prime,0.1556
MLTP S38,Most Cohesive Unit,1,"Secure, Contain, Prevent",,0.3309
MLTP S38,Most Cohesive Unit,2,Heart of the Hold,,0.2734
MLTP S38,Most Cohesive Unit,3,The Baseball Scene from Twilight,,0.1295
MLTP S38,Best Co-Captain,1,,Alphachurro,0.3364
MLTP S38,Best Co-Captain,2,LBT,jig,0.2617
MLTP S38,Best Co-Captain,3,BST,fender,0.2056
MLTP S38,Best Streamer,1,,TagPro Network,0.3218
MLTP S38,Best Streamer,2,,DudeMcGuy,0.1981
MLTP S38,Best Streamer,3,,flaccid trip,0.0967
MLTP S38,Best Commentator,1,,TagPro Network,0.3090
MLTP S38,Best Commentator,2,,DudeMcGuy,0.1240
MLTP S38,Best Commentator,3,,FM,0.1198
MLTP S38,Behind the Scenes,1,,TagPro Network,0.3145
MLTP S38,Behind the Scenes,2,,fender,0.1993
MLTP S38,Behind the Scenes,3,,Bam,0.1316
MLTP S38,All-Stars [Offense],1,,DT,0.9580
MLTP S38,All-Stars [Offense],2,,d0pe,0.6670
MLTP S38,All-Stars [Offense],3,,jig,0.6670
MLTP S38,All-Stars [Offense],4,,OuchMyBalls,0.6670
MLTP S38,All-Stars [Offense],5,,Messi,0.4580
MLTP S38,All-Stars [Defense],1,,BOTDON'TLIE,0.8700
MLTP S38,All-Stars [Defense],2,,button,0.7390
MLTP S38,All-Stars [Defense],3,,realtea,0.5650
MLTP S38,All-Stars [Defense],4,,joy.,0.5650
MLTP S38,All-Stars [Defense],5,,bbb,0.4780
mLTP S38,MVB,1,MRV,omni,0.2000
mLTP S38,MVB,2,FWO,MarcusYallow,0.1810
mLTP S38,MVB,3,MRV,yiss,0.1238
mLTP S38,Offensive Ball of the Season,1,OPH,caprae,0.3143
mLTP S38,Offensive Ball of the Season,2,MRV,omni,0.2000
mLTP S38,Offensive Ball of the Season,3,FUR,Sadness,0.1143
mLTP S38,Defensive Ball of the Season,1,MRV,yiss,0.3000
mLTP S38,Defensive Ball of the Season,2,BAN,Taurus,0.1800
mLTP S38,Defensive Ball of the Season,3,FWO,MarcusYallow,0.1500
mLTP S38,Offensive Rookie of the Season,1,FWO,Doku,1.0000
mLTP S38,Defensive Rookie of the Season,1,BAN,RAIN,0.3824
mLTP S38,Defensive Rookie of the Season,2,OPH,perl,0.3431
mLTP S38,Defensive Rookie of the Season,3,BAA,Tumblewood,0.2745
mLTP S38,Well Rounded,1,FWO,MarcusYallow,0.2571
mLTP S38,Well Rounded,2,JAZ,Bam,0.1905
mLTP S38,Well Rounded,3,BAN,Taurus,0.1619
mLTP S38,Best Valued,1,MRV,yiss,0.4022
mLTP S38,Best Valued,2,JAZ,jkxs,0.1957
mLTP S38,Best Valued,3,OPH,perl,0.1413
mLTP S38,Best Captain,1,,jazzz,0.3472
mLTP S38,Best Captain,1,,Prime,0.3472
mLTP S38,Best Captain,2,,LogisticMap,0.2361
mLTP S38,Best Captain,3,,meowza,0.1806
mLTP S38,5th Ball,1,BAN,RAIN,0.5875
mLTP S38,5th Ball,2,,o o l e r,0.4125
mLTP S38,Most Improved,1,JAZ,C_T,0.3152
mLTP S38,Most Improved,2,JAZ,jkxs,0.1848
mLTP S38,Most Improved,3,MRV,yiss,0.1739
mLTP S38,FU GASP,1,FUR,Sadness,0.3333
mLTP S38,FU GASP,2,BAN,Spjork,0.2151
mLTP S38,FU GASP,3,FUR,hz,0.2043
mLTP S38,Position Change,1,FUR,Squeeb,0.3165
mLTP S38,Position Change,2,BAA,Anti-re,0.2911
mLTP S38,Position Change,3,BAN,Spjork,0.2658
mLTP S38,Best Offense Pair,1,,omni,0.2738
mLTP S38,Best Offense Pair,1,,#SelfySyntax,0.2738
mLTP S38,Best Offense Pair,2,,AJ.,0.2381
mLTP S38,Best Offense Pair,2,,Kep,0.2381
mLTP S38,Best Offense Pair,3,,Bam,0.2143
mLTP S38,Best Offense Pair,3,,C_T,0.2143
mLTP S38,Best Defense Pair,1,,yiss,0.2262
mLTP S38,Best Defense Pair,1,,broseph,0.2262
mLTP S38,Best Defense Pair,2,,hz,0.1786
mLTP S38,Best Defense Pair,2,,Squeeb,0.1786
mLTP S38,Best Defense Pair,3,,Poeticalto,0.1548
mLTP S38,Best Defense Pair,3,,jkxs,0.1548
mLTP S38,Most Cohesive Unit,1,Mercury Revolutions,,0.2778
mLTP S38,Most Cohesive Unit,2,The Jazzz Quartet,,0.2556
mLTP S38,Most Cohesive Unit,3,Furballers,,0.2111
mLTP S38,All-Stars [Offense],1,,caprae,0.8820
mLTP S38,All-Stars [Offense],2,,omni,0.7650
mLTP S38,All-Stars [Offense],3,,#SelfySyntax,0.5290
mLTP S38,All-Stars [Offense],4,,C_T,0.4710
mLTP S38,All-Stars [Offense],5,,beef,0.4120
mLTP S38,All-Stars [Defense],1,,yiss,0.6670
mLTP S38,All-Stars [Defense],2,,Taurus,0.6670
mLTP S38,All-Stars [Defense],3,,hz,0.6110
mLTP S38,All-Stars [Defense],4,,MarcusYallow,0.5000
mLTP S38,All-Stars [Defense],5,,jkxs,0.3890
NLTP S38,MVB,1,PPS,RAIN,0.2913
NLTP S38,MVB,2,TRX,o o l e r,0.1732
NLTP S38,MVB,3,LBT,gh0st,0.1417
NLTP S38,Offensive Ball of the Season,1,PPS,sss,0.2562
NLTP S38,Offensive Ball of the Season,2,HOG,.__.,0.2479
NLTP S38,Offensive Ball of the Season,3,TRX,o o l e r,0.1653
NLTP S38,Defensive Ball of the Season,1,PPS,RAIN,0.3033
NLTP S38,Defensive Ball of the Season,2,LBT,gh0st,0.2623
NLTP S38,Defensive Ball of the Season,3,PPS,dyd,0.1311
NLTP S38,Offensive Rookie of the Season,1,PPS,lowermywin%,0.5306
NLTP S38,Offensive Rookie of the Season,2,TRX,Damian,0.4694
NLTP S38,Defensive Rookie of the Season,1,HOH,Quaky20,0.2750
NLTP S38,Defensive Rookie of the Season,2,TRX,Olliepoppi,0.2417
NLTP S38,Defensive Rookie of the Season,3,LBT,Cashews,0.2167
NLTP S38,Well Rounded,1,PPS,RAIN,0.2821
NLTP S38,Well Rounded,2,TRX,Karasu,0.1709
NLTP S38,Well Rounded,3,LBT,megapoop22,0.1197
NLTP S38,Best Valued,1,LBT,phlasid,0.2273
NLTP S38,Best Valued,2,LBT,Riley_2025,0.1909
NLTP S38,Best Valued,3,PPS,DYD,0.1545
NLTP S38,Best Captain,1,,CT Crunch,0.3333
NLTP S38,Best Captain,2,,mex,0.2193
NLTP S38,Best Captain,2,,joy.,0.2193
NLTP S38,Best Captain,3,,chucky,0.1404
NLTP S38,5th Ball,1,LBT,Riley_2025,0.3577
NLTP S38,5th Ball,2,HOG,Mueller,0.2033
NLTP S38,5th Ball,3,HOH,Robiny,0.2033
NLTP S38,Most Improved,1,PPS,DYD,0.2479
NLTP S38,Most Improved,2,LBT,Riley_2025,0.2308
NLTP S38,Most Improved,3,TRX,o o l e r,0.1880
NLTP S38,FU GASP,1,TRX,Karasu,0.3519
NLTP S38,FU GASP,2,LBT,megapoop22,0.2222
NLTP S38,FU GASP,3,MB8,q Q,0.2222
NLTP S38,Position Change,1,LBT,Linux,0.3652
NLTP S38,Position Change,2,HOG,3.1 Thor,0.3304
NLTP S38,Position Change,3,PPS,DYD,0.3043
NLTP S38,Best Offense Pair,1,,sss,0.2479
NLTP S38,Best Offense Pair,1,,DiegoOnMac,0.2479
NLTP S38,Best Offense Pair,1,,lowermywin%,0.2479
NLTP S38,Best Offense Pair,2,,.__.,0.2393
NLTP S38,Best Offense Pair,2,,3.1 Thor,0.2393
NLTP S38,Best Offense Pair,3,,Linux,0.2222
NLTP S38,Best Offense Pair,3,,phlasid,0.2222
NLTP S38,Best Offense Pair,3,,megapoop22,0.2222
NLTP S38,Best Defense Pair,1,,RAIN,0.3448
NLTP S38,Best Defense Pair,1,,DYD,0.3448
NLTP S38,Best Defense Pair,1,,Stall2Hammer,0.3448
NLTP S38,Best Defense Pair,2,,gh0st,0.2586
NLTP S38,Best Defense Pair,2,,Riley_2025,0.2586
NLTP S38,Best Defense Pair,2,,Cashews,0.2586
NLTP S38,Best Defense Pair,3,,El Sacko,0.1207
NLTP S38,Best Defense Pair,3,,q Q,0.1207
NLTP S38,Best Defense Pair,3,,Gvendolino,0.1207
NLTP S38,Best Defense Pair,3,,Royaltykeyz,0.1207
NLTP S38,Best Defense Pair,3,,timmysumball,0.1207
NLTP S38,Most Cohesive Unit,1,The Land Before Timers,,0.3077
NLTP S38,Most Cohesive Unit,2,The Pup Sweeps,,0.2906
NLTP S38,Most Cohesive Unit,3,KPop: Re-mon Hunters,,0.1453
NLTP S38,Best Co-Captain,1,PPS,RAIN,0.2871
NLTP S38,Best Co-Captain,2,,Baay,0.2772
NLTP S38,Best Co-Captain,3,,AJ.,0.1683
NLTP S38,All-Stars [Offense],1,,sss,0.8640
NLTP S38,All-Stars [Offense],2,,linux,0.6360
NLTP S38,All-Stars [Offense],3,,.__.,0.6360
NLTP S38,All-Stars [Offense],4,,o o l e r,0.5910
NLTP S38,All-Stars [Offense],5,,RAIN,0.3180
NLTP S38,All-Stars [Defense],1,,RAIN,85.7000
NLTP S38,All-Stars [Defense],2,,gh0st,0.8570
NLTP S38,All-Stars [Defense],3,,dyd,0.6670
NLTP S38,All-Stars [Defense],4,,G.O.A.T.,0.5240
NLTP S38,All-Stars [Defense],5,,El Sacko,0.2380
